StorageUnit,name,carrier,bus,p_nom,capital_cost,max_hours,efficiency_store,efficiency_dispatch,cyclic_state_of_charge,p_min_pu,build_year,control,type,p_nom_extendable,p_nom_min,p_nom_max,p_max_pu,p_set,q_set,sign,marginal_cost,lifetime,state_of_charge_initial,state_of_charge_initial_per_period,state_of_charge_set,cyclic_state_of_charge_per_period,standing_loss,inflow,p_nom_opt,country,bidding_zone,in_synchronous_network,p_set_before_scaling
52 hydro,Kymmen,PHS,6630,122.08,177831.093925293,,0.866025403784439,0.866025403784439,1,-1.0,0,PQ,hydro,0,0.0,Inf,1.0,56.9769013855851,0.0,1.0,0.0,Inf,0.0,0,,1,0.0,0.0,0.0,SE,SE_3,1,122.08
111 hydro,Letten 2,PHS,6630,78.48,177831.093925293,2003.33333333333,0.866025403784439,0.866025403784439,1,-1.0,0,PQ,hydro,0,0.0,Inf,1.0,36.6280080335904,0.0,1.0,0.0,Inf,0.0,0,,1,0.0,0.0,0.0,SE,SE_3,1,78.48
332 hydro,Tevla 2,PHS,7061,73.904,177831.093925293,2054.20967741935,0.866025403784439,0.866025403784439,1,-1.0,0,PQ,hydro,0,0.0,Inf,1.0,51.9020598835687,0.0,1.0,0.0,Inf,0.0,0,,1,0.0,0.0,0.0,NO,NO_3,1,73.904
373 hydro,Stolsdal,PHS,6694,24.84,177831.093925293,30.9176470588235,0.866025403784439,0.866025403784439,1,-1.0,0,PQ,hydro,0,0.0,Inf,1.0,18.4637988836736,0.0,1.0,0.0,Inf,0.0,0,,1,0.0,0.0,0.0,NO,NO_2,1,24.84
411 hydro,Jukla 2,PHS,6675,37.8,177831.093925293,3507.42857142857,0.866025403784439,0.866025403784439,1,-1.0,0,PQ,hydro,0,0.0,Inf,1.0,28.0970852577641,0.0,1.0,0.0,Inf,0.0,0,,1,0.0,0.0,0.0,NO,NO_2,1,37.8
452 hydro,Brattingfoss,PHS,6812,15.943,177831.093925293,2480.0,0.866025403784439,0.866025403784439,1,-1.0,0,PQ,hydro,0,0.0,Inf,1.0,11.1966137248828,0.0,1.0,0.0,Inf,0.0,0,,1,0.0,0.0,0.0,NO,NO_3,1,15.943
509 hydro,Herva 5,PHS,6666,33.99,177831.093925293,4278.9,0.866025403784439,0.866025403784439,1,-1.0,0,PQ,hydro,0,0.0,Inf,1.0,23.7359957635179,0.0,1.0,0.0,Inf,0.0,0,,1,0.0,0.0,0.0,NO,NO_5,1,33.99
571 hydro,Nygard 5,PHS,6651,83.43,177831.093925293,1714.55714285714,0.866025403784439,0.866025403784439,1,-1.0,0,PQ,hydro,0,0.0,Inf,1.0,58.2610805104531,0.0,1.0,0.0,Inf,0.0,0,,1,0.0,0.0,0.0,NO,NO_5,1,83.43
575 hydro,Oljusjoen 2,PHS,6667,51.5,177831.093925293,1487.64,0.866025403784439,0.866025403784439,1,-1.0,0,PQ,hydro,0,0.0,Inf,1.0,35.9636299447241,0.0,1.0,0.0,Inf,0.0,0,,1,0.0,0.0,0.0,NO,NO_5,1,51.5
0 hydro,Bastusel,hydro,6929,111.0,177831.093925293,6.0,0.0,0.9,1,0.0,0,PQ,hydro,0,0.0,Inf,1.0,74.7638199456449,0.0,1.0,0.0,Inf,0.0,0,,1,0.0,0.0,0.0,SE,SE_2,1,111.0
1 hydro,Gallejaur,hydro,6932,220.42,177831.093925293,6.0,0.0,0.9,1,0.0,0,PQ,hydro,0,0.0,Inf,1.0,144.555345077275,0.0,1.0,0.0,Inf,0.0,0,,1,0.0,0.0,0.0,SE,SE_1,1,220.42
2 hydro,Harspranget,hydro,7003,854.9,177831.093925293,6.0,0.0,0.9,1,0.0,0,PQ,hydro,0,0.0,Inf,1.0,560.658581374477,0.0,1.0,0.0,Inf,0.0,0,,1,0.0,0.0,0.0,SE,SE_1,1,854.9
3 hydro,Letsi,hydro,6930,501.61,177831.093925293,6.0,0.0,0.9,1,0.0,0,PQ,hydro,0,0.0,Inf,1.0,328.964733890807,0.0,1.0,0.0,Inf,0.0,0,,1,0.0,0.0,0.0,SE,SE_1,1,501.61
4 hydro,Ligga 2,hydro,7003,353.29,177831.093925293,6.0,0.0,0.9,1,0.0,0,PQ,hydro,0,0.0,Inf,1.0,231.693847483669,0.0,1.0,0.0,Inf,0.0,0,,1,0.0,0.0,0.0,SE,SE_1,1,353.29
5 hydro,Messaure,hydro,7005,465.56,177831.093925293,6.0,0.0,0.9,1,0.0,0,PQ,hydro,0,0.0,Inf,1.0,305.322504555739,0.0,1.0,0.0,Inf,0.0,0,,1,0.0,0.0,0.0,SE,SE_1,1,465.56
6 hydro,Porjus,hydro,7002,453.2,177831.093925293,6.0,0.0,0.9,1,0.0,0,PQ,hydro,0,0.0,Inf,1.0,297.216597355144,0.0,1.0,0.0,Inf,0.0,0,,1,0.0,0.0,0.0,SE,SE_1,1,453.2
7 hydro,Porsi 2,hydro,6930,283.25,177831.093925293,6.0,0.0,0.9,1,0.0,0,PQ,hydro,0,0.0,Inf,1.0,185.760373346965,0.0,1.0,0.0,Inf,0.0,0,,1,0.0,0.0,0.0,SE,SE_1,1,283.25
8 hydro,Ritsem,hydro,7062,329.6,177831.093925293,6.0,0.0,0.9,1,0.0,0,PQ,hydro,0,0.0,Inf,1.0,216.157525349196,0.0,1.0,0.0,Inf,0.0,0,,1,0.0,0.0,0.0,SE,SE_1,1,329.6
9 hydro,Seitevare,hydro,7001,231.75,177831.093925293,6.0,0.0,0.9,1,0.0,0,PQ,hydro,0,0.0,Inf,1.0,151.985760011153,0.0,1.0,0.0,Inf,0.0,0,,1,0.0,0.0,0.0,SE,SE_1,1,231.75
10 hydro,Stalon,hydro,6953,147.63,177831.093925293,6.0,0.0,0.9,1,0.0,0,PQ,hydro,0,0.0,Inf,1.0,99.4358805277077,0.0,1.0,0.0,Inf,0.0,0,,1,0.0,0.0,0.0,SE,SE_2,1,147.63
11 hydro,Stornorrfors,hydro,6809,644.91,177831.093925293,6.0,0.0,0.9,1,0.0,0,PQ,hydro,0,0.0,Inf,1.0,434.377793884197,0.0,1.0,0.0,Inf,0.0,0,,1,0.0,0.0,0.0,SE,SE_2,1,644.91
12 hydro,Trangslet,hydro,6825,366.3,177831.093925293,6.0,0.0,0.9,1,0.0,0,PQ,hydro,0,0.0,Inf,1.0,246.720605820628,0.0,1.0,0.0,Inf,0.0,0,,1,0.0,0.0,0.0,SE,SE_2,1,366.3
13 hydro,Vietas,hydro,7000,334.75,177831.093925293,6.0,0.0,0.9,1,0.0,0,PQ,hydro,0,0.0,Inf,1.0,219.534986682777,0.0,1.0,0.0,Inf,0.0,0,,1,0.0,0.0,0.0,SE,SE_1,1,334.75
15 hydro,Alvkarleby,hydro,6588,272.5,177831.093925293,6.0,0.0,0.9,1,0.0,0,PQ,hydro,0,0.0,Inf,1.0,127.180583449967,0.0,1.0,0.0,Inf,0.0,0,,1,0.0,0.0,0.0,SE,SE_3,1,272.5
16 hydro,Bergeforsen,hydro,6807,177.6,177831.093925293,6.0,0.0,0.9,1,0.0,0,PQ,hydro,0,0.0,Inf,1.0,119.622111913032,0.0,1.0,0.0,Inf,0.0,0,,1,0.0,0.0,0.0,SE,SE_2,1,177.6
17 hydro,Forsmo 2,hydro,6800,172.05,177831.093925293,6.0,0.0,0.9,1,0.0,0,PQ,hydro,0,0.0,Inf,1.0,115.88392091575,0.0,1.0,0.0,Inf,0.0,0,,1,0.0,0.0,0.0,SE,SE_2,1,172.05
18 hydro,Hojum,hydro,6306,374.96,177831.093925293,6.0,0.0,0.9,1,0.0,0,PQ,hydro,0,0.0,Inf,1.0,175.000482827154,0.0,1.0,0.0,Inf,0.0,0,,1,0.0,0.0,0.0,SE,SE_3,1,374.96
19 hydro,Holjes,hydro,6823,149.85,177831.093925293,6.0,0.0,0.9,1,0.0,0,PQ,hydro,0,0.0,Inf,1.0,100.931156926621,0.0,1.0,0.0,Inf,0.0,0,,1,0.0,0.0,0.0,SE,SE_2,1,149.85
20 hydro,Vargfors 2,hydro,6932,134.93,177831.093925293,6.0,0.0,0.9,1,0.0,0,PQ,hydro,0,0.0,Inf,1.0,88.489486939827,0.0,1.0,0.0,Inf,0.0,0,,1,0.0,0.0,0.0,SE,SE_1,1,134.93
21 hydro,Kilforsen,hydro,6833,305.25,177831.093925293,6.0,0.0,0.9,1,0.0,0,PQ,hydro,0,0.0,Inf,1.0,205.600504850523,0.0,1.0,0.0,Inf,0.0,0,,1,0.0,0.0,0.0,SE,SE_2,1,305.25
22 hydro,Krangede,hydro,6837,277.5,177831.093925293,6.0,0.0,0.9,1,0.0,0,PQ,hydro,0,0.0,Inf,1.0,186.909549864112,0.0,1.0,0.0,Inf,0.0,0,,1,0.0,0.0,0.0,SE,SE_2,1,277.5
23 hydro,Laxede 3,hydro,6930,208.06,177831.093925293,6.0,0.0,0.9,1,0.0,0,PQ,hydro,0,0.0,Inf,1.0,136.44943787668,0.0,1.0,0.0,Inf,0.0,0,,1,0.0,0.0,0.0,SE,SE_1,1,208.06
24 hydro,Midskog,hydro,6827,172.05,177831.093925293,6.0,0.0,0.9,1,0.0,0,PQ,hydro,0,0.0,Inf,1.0,115.88392091575,0.0,1.0,0.0,Inf,0.0,0,,1,0.0,0.0,0.0,SE,SE_2,1,172.05
25 hydro,Namforsen,hydro,6928,125.43,177831.093925293,6.0,0.0,0.9,1,0.0,0,PQ,hydro,0,0.0,Inf,1.0,84.4831165385787,0.0,1.0,0.0,Inf,0.0,0,,1,0.0,0.0,0.0,SE,SE_2,1,125.43
26 hydro,Akkats 3,hydro,7003,164.8,177831.093925293,6.0,0.0,0.9,1,0.0,0,PQ,hydro,0,0.0,Inf,1.0,108.078762674598,0.0,1.0,0.0,Inf,0.0,0,,1,0.0,0.0,0.0,SE,SE_1,1,164.8
27 hydro,Lasele,hydro,6795,174.27,177831.093925293,6.0,0.0,0.9,1,0.0,0,PQ,hydro,0,0.0,Inf,1.0,117.379197314662,0.0,1.0,0.0,Inf,0.0,0,,1,0.0,0.0,0.0,SE,SE_2,1,174.27
30 hydro,Holleforsen,hydro,6841,155.4,177831.093925293,6.0,0.0,0.9,1,0.0,0,PQ,hydro,0,0.0,Inf,1.0,104.669347923903,0.0,1.0,0.0,Inf,0.0,0,,1,0.0,0.0,0.0,SE,SE_2,1,155.4
32 hydro,Torpshammar,hydro,6852,122.1,177831.093925293,6.0,0.0,0.9,1,0.0,0,PQ,hydro,0,0.0,Inf,1.0,82.2402019402094,0.0,1.0,0.0,Inf,0.0,0,,1,0.0,0.0,0.0,SE,SE_2,1,122.1
33 hydro,Stadsforsen 2,hydro,6841,146.52,177831.093925293,6.0,0.0,0.9,1,0.0,0,PQ,hydro,0,0.0,Inf,1.0,98.6882423282512,0.0,1.0,0.0,Inf,0.0,0,,1,0.0,0.0,0.0,SE,SE_2,1,146.52
34 hydro,Tuggen 2,hydro,6929,116.55,177831.093925293,6.0,0.0,0.9,1,0.0,0,PQ,hydro,0,0.0,Inf,1.0,78.5020109429271,0.0,1.0,0.0,Inf,0.0,0,,1,0.0,0.0,0.0,SE,SE_2,1,116.55
35 hydro,Sveg,hydro,6846,39.4509554140127,177831.093925293,6.0,0.0,0.9,1,0.0,0,PQ,hydro,0,0.0,Inf,1.0,26.5721092545667,0.0,1.0,0.0,Inf,0.0,0,,1,0.0,0.0,0.0,SE,SE_2,1,39.4509554140127
36 hydro,Vittjarv,hydro,6931,25.8953379175565,177831.093925293,6.0,0.0,0.9,1,0.0,0,PQ,hydro,0,0.0,Inf,1.0,16.9826218517603,0.0,1.0,0.0,Inf,0.0,0,,1,0.0,0.0,0.0,SE,SE_1,1,25.8953379175565
38 hydro,Nas,hydro,6636,46.5367515923565,177831.093925293,6.0,0.0,0.9,1,0.0,0,PQ,hydro,0,0.0,Inf,1.0,21.7195274105764,0.0,1.0,0.0,Inf,0.0,0,,1,0.0,0.0,0.0,SE,SE_3,1,46.5367515923565
40 hydro,Langbjorn,hydro,6831,110.292993630573,177831.093925293,6.0,0.0,0.9,1,0.0,0,PQ,hydro,0,0.0,Inf,1.0,74.2876172708318,0.0,1.0,0.0,Inf,0.0,0,,1,0.0,0.0,0.0,SE,SE_2,1,110.292993630573
41 hydro,Boden 2,hydro,6931,67.327878585647,177831.093925293,6.0,0.0,0.9,1,0.0,0,PQ,hydro,0,0.0,Inf,1.0,44.154816814577,0.0,1.0,0.0,Inf,0.0,0,,1,0.0,0.0,0.0,SE,SE_1,1,67.327878585647
42 hydro,Ajaure,hydro,6946,83.25,177831.093925293,6.0,0.0,0.9,1,0.0,0,PQ,hydro,0,0.0,Inf,1.0,56.0728649592337,0.0,1.0,0.0,Inf,0.0,0,,1,0.0,0.0,0.0,SE,SE_2,1,83.25
44 hydro,Asele 2,hydro,6928,29.97,177831.093925293,6.0,0.0,0.9,1,0.0,0,PQ,hydro,0,0.0,Inf,1.0,20.1862313853241,0.0,1.0,0.0,Inf,0.0,0,,1,0.0,0.0,0.0,SE,SE_2,1,29.97
45 hydro,Naverede 2,hydro,6827,71.04,177831.093925293,6.0,0.0,0.9,1,0.0,0,PQ,hydro,0,0.0,Inf,1.0,47.8488447652127,0.0,1.0,0.0,Inf,0.0,0,,1,0.0,0.0,0.0,SE,SE_2,1,71.04
46 hydro,Matfors 2,hydro,6808,23.31,177831.093925293,6.0,0.0,0.9,1,0.0,0,PQ,hydro,0,0.0,Inf,1.0,15.7004021885854,0.0,1.0,0.0,Inf,0.0,0,,1,0.0,0.0,0.0,SE,SE_2,1,23.31
47 hydro,Lottefors 2,hydro,6633,15.2736,177831.093925293,6.0,0.0,0.9,1,0.0,0,PQ,hydro,0,0.0,Inf,1.0,10.2875016245207,0.0,1.0,0.0,Inf,0.0,0,,1,0.0,0.0,0.0,SE,SE_2,1,15.2736
48 hydro,Leringsforsen 2,hydro,6852,9.99,177831.093925293,6.0,0.0,0.9,1,0.0,0,PQ,hydro,0,0.0,Inf,1.0,6.72874379510804,0.0,1.0,0.0,Inf,0.0,0,,1,0.0,0.0,0.0,SE,SE_2,1,9.99
49 hydro,Langed 2,hydro,6306,11.881,177831.093925293,6.0,0.0,0.9,1,0.0,0,PQ,hydro,0,0.0,Inf,1.0,5.54507343841855,0.0,1.0,0.0,Inf,0.0,0,,1,0.0,0.0,0.0,SE,SE_3,1,11.881
50 hydro,Landafors 3,hydro,6633,15.632301062079,177831.093925293,6.0,0.0,0.9,1,0.0,0,PQ,hydro,0,0.0,Inf,1.0,10.529103981454,0.0,1.0,0.0,Inf,0.0,0,,1,0.0,0.0,0.0,SE,SE_2,1,15.632301062079
53 hydro,Karsefors,hydro,6335,126.856,177831.093925293,6.0,0.0,0.9,1,0.0,0,PQ,hydro,0,0.0,Inf,1.0,44.6035273269388,0.0,1.0,0.0,Inf,0.0,0,,1,0.0,0.0,0.0,SE,SE_4,1,126.856
54 hydro,Juktan,hydro,6924,57.72,177831.093925293,6.0,0.0,0.9,1,0.0,0,PQ,hydro,0,0.0,Inf,1.0,38.8771863717353,0.0,1.0,0.0,Inf,0.0,0,,1,0.0,0.0,0.0,SE,SE_2,1,57.72
55 hydro,Hermansboda,hydro,6849,13.32,177831.093925293,6.0,0.0,0.9,1,0.0,0,PQ,hydro,0,0.0,Inf,1.0,8.97165839347739,0.0,1.0,0.0,Inf,0.0,0,,1,0.0,0.0,0.0,SE,SE_2,1,13.32
56 hydro,Hammarforsens,hydro,6840,94.35,177831.093925293,6.0,0.0,0.9,1,0.0,0,PQ,hydro,0,0.0,Inf,1.0,63.5492469537982,0.0,1.0,0.0,Inf,0.0,0,,1,0.0,0.0,0.0,SE,SE_2,1,94.35
57 hydro,Halvfari,hydro,6824,26.64,177831.093925293,6.0,0.0,0.9,1,0.0,0,PQ,hydro,0,0.0,Inf,1.0,17.9433167869548,0.0,1.0,0.0,Inf,0.0,0,,1,0.0,0.0,0.0,SE,SE_2,1,26.64
58 hydro,Grundfors,hydro,6925,111.0,177831.093925293,6.0,0.0,0.9,1,0.0,0,PQ,hydro,0,0.0,Inf,1.0,74.7638199456449,0.0,1.0,0.0,Inf,0.0,0,,1,0.0,0.0,0.0,SE,SE_2,1,111.0
59 hydro,Gideabacka,hydro,6803,15.54,177831.093925293,6.0,0.0,0.9,1,0.0,0,PQ,hydro,0,0.0,Inf,1.0,10.4669347923903,0.0,1.0,0.0,Inf,0.0,0,,1,0.0,0.0,0.0,SE,SE_2,1,15.54
60 hydro,Gardiken Gardikfors 2,hydro,6946,66.6,177831.093925293,6.0,0.0,0.9,1,0.0,0,PQ,hydro,0,0.0,Inf,1.0,44.8582919673869,0.0,1.0,0.0,Inf,0.0,0,,1,0.0,0.0,0.0,SE,SE_2,1,66.6
61 hydro,Gammelange,hydro,6836,86.58,177831.093925293,6.0,0.0,0.9,1,0.0,0,PQ,hydro,0,0.0,Inf,1.0,58.315779557603,0.0,1.0,0.0,Inf,0.0,0,,1,0.0,0.0,0.0,SE,SE_2,1,86.58
62 hydro,Kvarnsveden,hydro,6632,99.4948757955147,177831.093925293,6.0,0.0,0.9,1,0.0,0,PQ,hydro,0,0.0,Inf,1.0,46.436023317268,0.0,1.0,0.0,Inf,0.0,0,,1,0.0,0.0,0.0,SE,SE_3,1,99.4948757955147
64 hydro,Bullerforsen 2,hydro,6632,36.3866974337881,177831.093925293,6.0,0.0,0.9,1,0.0,0,PQ,hydro,0,0.0,Inf,1.0,16.9823170988865,0.0,1.0,0.0,Inf,0.0,0,,1,0.0,0.0,0.0,SE,SE_3,1,36.3866974337881
65 hydro,Blybergs Kraftverk 2,hydro,6846,16.65,177831.093925293,6.0,0.0,0.9,1,0.0,0,PQ,hydro,0,0.0,Inf,1.0,11.2145729918467,0.0,1.0,0.0,Inf,0.0,0,,1,0.0,0.0,0.0,SE,SE_2,1,16.65
66 hydro,Bjurfors Nedre Krv,hydro,6635,261.6,177831.093925293,6.0,0.0,0.9,1,0.0,0,PQ,hydro,0,0.0,Inf,1.0,122.093360111968,0.0,1.0,0.0,Inf,0.0,0,,1,0.0,0.0,0.0,SE,SE_3,1,261.6
67 hydro,Batfors 3,hydro,6932,43.26,177831.093925293,6.0,0.0,0.9,1,0.0,0,PQ,hydro,0,0.0,Inf,1.0,28.3706752020819,0.0,1.0,0.0,Inf,0.0,0,,1,0.0,0.0,0.0,SE,SE_1,1,43.26
68 hydro,Noppikoski 3,hydro,6846,11.1,177831.093925293,6.0,0.0,0.9,1,0.0,0,PQ,hydro,0,0.0,Inf,1.0,7.47638199456449,0.0,1.0,0.0,Inf,0.0,0,,1,0.0,0.0,0.0,SE,SE_2,1,11.1
69 hydro,Parki 2,hydro,7001,20.6,177831.093925293,6.0,0.0,0.9,1,0.0,0,PQ,hydro,0,0.0,Inf,1.0,13.5098453343247,0.0,1.0,0.0,Inf,0.0,0,,1,0.0,0.0,0.0,SE,SE_1,1,20.6
71 hydro,Pengfors Krv 3,hydro,6809,56.61,177831.093925293,6.0,0.0,0.9,1,0.0,0,PQ,hydro,0,0.0,Inf,1.0,38.1295481722789,0.0,1.0,0.0,Inf,0.0,0,,1,0.0,0.0,0.0,SE,SE_2,1,56.61
72 hydro,Volgsjofors,hydro,6829,22.2,177831.093925293,6.0,0.0,0.9,1,0.0,0,PQ,hydro,0,0.0,Inf,1.0,14.952763989129,0.0,1.0,0.0,Inf,0.0,0,,1,0.0,0.0,0.0,SE,SE_2,1,22.2
73 hydro,Viforsens 3,hydro,6808,11.1,177831.093925293,6.0,0.0,0.9,1,0.0,0,PQ,hydro,0,0.0,Inf,1.0,7.47638199456449,0.0,1.0,0.0,Inf,0.0,0,,1,0.0,0.0,0.0,SE,SE_2,1,11.1
74 hydro,Vargon 3,hydro,6306,76.954,177831.093925293,6.0,0.0,0.9,1,0.0,0,PQ,hydro,0,0.0,Inf,1.0,35.9157967662706,0.0,1.0,0.0,Inf,0.0,0,,1,0.0,0.0,0.0,SE,SE_3,1,76.954
75 hydro,Umluspen 2,hydro,6924,111.0,177831.093925293,6.0,0.0,0.9,1,0.0,0,PQ,hydro,0,0.0,Inf,1.0,74.7638199456449,0.0,1.0,0.0,Inf,0.0,0,,1,0.0,0.0,0.0,SE,SE_2,1,111.0
76 hydro,Svarthalsforsens 3,hydro,6841,88.8,177831.093925293,6.0,0.0,0.9,1,0.0,0,PQ,hydro,0,0.0,Inf,1.0,59.8110559565159,0.0,1.0,0.0,Inf,0.0,0,,1,0.0,0.0,0.0,SE,SE_2,1,88.8
77 hydro,Stensele 2,hydro,6925,55.5,177831.093925293,6.0,0.0,0.9,1,0.0,0,PQ,hydro,0,0.0,Inf,1.0,37.3819099728224,0.0,1.0,0.0,Inf,0.0,0,,1,0.0,0.0,0.0,SE,SE_2,1,55.5
78 hydro,Stenkullafors,hydro,6927,64.38,177831.093925293,6.0,0.0,0.9,1,0.0,0,PQ,hydro,0,0.0,Inf,1.0,43.363015568474,0.0,1.0,0.0,Inf,0.0,0,,1,0.0,0.0,0.0,SE,SE_2,1,64.38
79 hydro,Spjutmo 4,hydro,6846,38.85,177831.093925293,6.0,0.0,0.9,1,0.0,0,PQ,hydro,0,0.0,Inf,1.0,26.1673369809757,0.0,1.0,0.0,Inf,0.0,0,,1,0.0,0.0,0.0,SE,SE_2,1,38.85
80 hydro,Skogaby 2,hydro,6335,50.5,177831.093925293,6.0,0.0,0.9,1,0.0,0,PQ,hydro,0,0.0,Inf,1.0,17.756181260724,0.0,1.0,0.0,Inf,0.0,0,,1,0.0,0.0,0.0,SE,SE_4,1,50.5
81 hydro,Skedvi 2,hydro,6635,82.84,177831.093925293,6.0,0.0,0.9,1,0.0,0,PQ,hydro,0,0.0,Inf,1.0,38.6628973687898,0.0,1.0,0.0,Inf,0.0,0,,1,0.0,0.0,0.0,SE,SE_3,1,82.84
82 hydro,Skallbole,hydro,6806,51.06,177831.093925293,6.0,0.0,0.9,1,0.0,0,PQ,hydro,0,0.0,Inf,1.0,34.3913571749966,0.0,1.0,0.0,Inf,0.0,0,,1,0.0,0.0,0.0,SE,SE_2,1,51.06
83 hydro,Selsfors 4,hydro,6809,67.71,177831.093925293,6.0,0.0,0.9,1,0.0,0,PQ,hydro,0,0.0,Inf,1.0,45.6059301668434,0.0,1.0,0.0,Inf,0.0,0,,1,0.0,0.0,0.0,SE,SE_2,1,67.71
84 hydro,Rusfors 3,hydro,6925,49.95,177831.093925293,6.0,0.0,0.9,1,0.0,0,PQ,hydro,0,0.0,Inf,1.0,33.6437189755402,0.0,1.0,0.0,Inf,0.0,0,,1,0.0,0.0,0.0,SE,SE_2,1,49.95
85 hydro,Sallsjo 2,hydro,6933,164.8,177831.093925293,6.0,0.0,0.9,1,0.0,0,PQ,hydro,0,0.0,Inf,1.0,108.078762674598,0.0,1.0,0.0,Inf,0.0,0,,1,0.0,0.0,0.0,SE,SE_1,1,164.8
87 hydro,Jarpstrommen,hydro,6819,126.54,177831.093925293,6.0,0.0,0.9,1,0.0,0,PQ,hydro,0,0.0,Inf,1.0,85.2307547380352,0.0,1.0,0.0,Inf,0.0,0,,1,0.0,0.0,0.0,SE,SE_2,1,126.54
88 hydro,Abelvattnet,hydro,6945,5.106,177831.093925293,6.0,0.0,0.9,1,0.0,0,PQ,hydro,0,0.0,Inf,1.0,3.43913571749966,0.0,1.0,0.0,Inf,0.0,0,,1,0.0,0.0,0.0,SE,SE_2,1,5.106
89 hydro,Balforsens Krv 3,hydro,6929,8.10563758774469,177831.093925293,6.0,0.0,0.9,1,0.0,0,PQ,hydro,0,0.0,Inf,1.0,5.45953539779095,0.0,1.0,0.0,Inf,0.0,0,,1,0.0,0.0,0.0,SE,SE_2,1,8.10563758774469
91 hydro,Dabbsjo 2,hydro,6951,28.86,177831.093925293,6.0,0.0,0.9,1,0.0,0,PQ,hydro,0,0.0,Inf,1.0,19.4385931858677,0.0,1.0,0.0,Inf,0.0,0,,1,0.0,0.0,0.0,SE,SE_2,1,28.86
93 hydro,Edsele,hydro,6839,66.6,177831.093925293,6.0,0.0,0.9,1,0.0,0,PQ,hydro,0,0.0,Inf,1.0,44.8582919673869,0.0,1.0,0.0,Inf,0.0,0,,1,0.0,0.0,0.0,SE,SE_2,1,66.6
94 hydro,Faxalven,hydro,6802,197.58,177831.093925293,6.0,0.0,0.9,1,0.0,0,PQ,hydro,0,0.0,Inf,1.0,133.079599503248,0.0,1.0,0.0,Inf,0.0,0,,1,0.0,0.0,0.0,SE,SE_2,1,197.58
95 hydro,Flasjon,hydro,6631,37.9028098268626,177831.093925293,6.0,0.0,0.9,1,0.0,0,PQ,hydro,0,0.0,Inf,1.0,17.6899136446735,0.0,1.0,0.0,Inf,0.0,0,,1,0.0,0.0,0.0,SE,SE_3,1,37.9028098268626
96 hydro,Granfors 5,hydro,6809,44.4,177831.093925293,6.0,0.0,0.9,1,0.0,0,PQ,hydro,0,0.0,Inf,1.0,29.905527978258,0.0,1.0,0.0,Inf,0.0,0,,1,0.0,0.0,0.0,SE,SE_2,1,44.4
97 hydro,Grundsjoarna 2,hydro,6823,97.68,177831.093925293,6.0,0.0,0.9,1,0.0,0,PQ,hydro,0,0.0,Inf,1.0,65.7921615521675,0.0,1.0,0.0,Inf,0.0,0,,1,0.0,0.0,0.0,SE,SE_2,1,97.68
98 hydro,Grytfors 4,hydro,6932,38.11,177831.093925293,6.0,0.0,0.9,1,0.0,0,PQ,hydro,0,0.0,Inf,1.0,24.9932138685008,0.0,1.0,0.0,Inf,0.0,0,,1,0.0,0.0,0.0,SE,SE_1,1,38.11
99 hydro,Hackren,hydro,6822,168.72,177831.093925293,6.0,0.0,0.9,1,0.0,0,PQ,hydro,0,0.0,Inf,1.0,113.64100631738,0.0,1.0,0.0,Inf,0.0,0,,1,0.0,0.0,0.0,SE,SE_2,1,168.72
100 hydro,Hallby,hydro,6792,93.24,177831.093925293,6.0,0.0,0.9,1,0.0,0,PQ,hydro,0,0.0,Inf,1.0,62.8016087543417,0.0,1.0,0.0,Inf,0.0,0,,1,0.0,0.0,0.0,SE,SE_2,1,93.24
101 hydro,Hallby Gulsele,hydro,6794,75.48,177831.093925293,6.0,0.0,0.9,1,0.0,0,PQ,hydro,0,0.0,Inf,1.0,50.8393975630385,0.0,1.0,0.0,Inf,0.0,0,,1,0.0,0.0,0.0,SE,SE_2,1,75.48
102 hydro,Hallforsens 4,hydro,6929,24.42,177831.093925293,6.0,0.0,0.9,1,0.0,0,PQ,hydro,0,0.0,Inf,1.0,16.4480403880419,0.0,1.0,0.0,Inf,0.0,0,,1,0.0,0.0,0.0,SE,SE_2,1,24.42
104 hydro,Jarkvissle,hydro,6851,107.115,177831.093925293,6.0,0.0,0.9,1,0.0,0,PQ,hydro,0,0.0,Inf,1.0,72.1470862475473,0.0,1.0,0.0,Inf,0.0,0,,1,0.0,0.0,0.0,SE,SE_2,1,107.115
105 hydro,Kattstrupeforsen,hydro,6826,62.16,177831.093925293,6.0,0.0,0.9,1,0.0,0,PQ,hydro,0,0.0,Inf,1.0,41.8677391695611,0.0,1.0,0.0,Inf,0.0,0,,1,0.0,0.0,0.0,SE,SE_2,1,62.16
106 hydro,Kinna,hydro,6313,6.82250576883529,177831.093925293,6.0,0.0,0.9,1,0.0,0,PQ,hydro,0,0.0,Inf,1.0,3.18418445604123,0.0,1.0,0.0,Inf,0.0,0,,1,0.0,0.0,0.0,SE,SE_3,1,6.82250576883529
107 hydro,Klippen 3,hydro,6335,109.08,177831.093925293,6.0,0.0,0.9,1,0.0,0,PQ,hydro,0,0.0,Inf,1.0,38.3533515231639,0.0,1.0,0.0,Inf,0.0,0,,1,0.0,0.0,0.0,SE,SE_4,1,109.08
108 hydro,Krangfors 5,hydro,6932,55.5154457693453,177831.093925293,6.0,0.0,0.9,1,0.0,0,PQ,hydro,0,0.0,Inf,1.0,36.408013883978,0.0,1.0,0.0,Inf,0.0,0,,1,0.0,0.0,0.0,SE,SE_1,1,55.5154457693453
109 hydro,Langa 3,hydro,6823,173.16,177831.093925293,6.0,0.0,0.9,1,0.0,0,PQ,hydro,0,0.0,Inf,1.0,116.631559115206,0.0,1.0,0.0,Inf,0.0,0,,1,0.0,0.0,0.0,SE,SE_2,1,173.16
110 hydro,Langstrommen,hydro,6845,44.4,177831.093925293,6.0,0.0,0.9,1,0.0,0,PQ,hydro,0,0.0,Inf,1.0,29.905527978258,0.0,1.0,0.0,Inf,0.0,0,,1,0.0,0.0,0.0,SE,SE_2,1,44.4
113 hydro,Lovons Krv 2,hydro,6829,41.07,177831.093925293,6.0,0.0,0.9,1,0.0,0,PQ,hydro,0,0.0,Inf,1.0,27.6626133798886,0.0,1.0,0.0,Inf,0.0,0,,1,0.0,0.0,0.0,SE,SE_2,1,41.07
115 hydro,Mockfjard 2,hydro,6631,26.16,177831.093925293,6.0,0.0,0.9,1,0.0,0,PQ,hydro,0,0.0,Inf,1.0,12.2093360111968,0.0,1.0,0.0,Inf,0.0,0,,1,0.0,0.0,0.0,SE,SE_3,1,26.16
116 hydro,Motala,hydro,6341,30.52,177831.093925293,6.0,0.0,0.9,1,0.0,0,PQ,hydro,0,0.0,Inf,1.0,14.2442253463963,0.0,1.0,0.0,Inf,0.0,0,,1,0.0,0.0,0.0,SE,SE_3,1,30.52
117 hydro,Nissastrom,hydro,6315,24.416,177831.093925293,6.0,0.0,0.9,1,0.0,0,PQ,hydro,0,0.0,Inf,1.0,11.395380277117,0.0,1.0,0.0,Inf,0.0,0,,1,0.0,0.0,0.0,SE,SE_3,1,24.416
118 hydro,Norrange 5,hydro,6633,44.4,177831.093925293,6.0,0.0,0.9,1,0.0,0,PQ,hydro,0,0.0,Inf,1.0,29.905527978258,0.0,1.0,0.0,Inf,0.0,0,,1,0.0,0.0,0.0,SE,SE_2,1,44.4
119 hydro,Ojeforsen 2,hydro,6849,29.97,177831.093925293,6.0,0.0,0.9,1,0.0,0,PQ,hydro,0,0.0,Inf,1.0,20.1862313853241,0.0,1.0,0.0,Inf,0.0,0,,1,0.0,0.0,0.0,SE,SE_2,1,29.97
121 hydro,Prastforsens Krv,hydro,6582,6.54,177831.093925293,6.0,0.0,0.9,1,0.0,0,PQ,hydro,0,0.0,Inf,1.0,3.0523340027992,0.0,1.0,0.0,Inf,0.0,0,,1,0.0,0.0,0.0,SE,SE_3,1,6.54
123 hydro,Randi 4,hydro,7003,88.58,177831.093925293,6.0,0.0,0.9,1,0.0,0,PQ,hydro,0,0.0,Inf,1.0,58.0923349375964,0.0,1.0,0.0,Inf,0.0,0,,1,0.0,0.0,0.0,SE,SE_1,1,88.58
124 hydro,Rebnisjaure Rebnis Krv 3,hydro,6924,71.04,177831.093925293,6.0,0.0,0.9,1,0.0,0,PQ,hydro,0,0.0,Inf,1.0,47.8488447652127,0.0,1.0,0.0,Inf,0.0,0,,1,0.0,0.0,0.0,SE,SE_2,1,71.04
125 hydro,Rengard 6,hydro,6932,37.08,177831.093925293,6.0,0.0,0.9,1,0.0,0,PQ,hydro,0,0.0,Inf,1.0,24.3177216017845,0.0,1.0,0.0,Inf,0.0,0,,1,0.0,0.0,0.0,SE,SE_1,1,37.08
126 hydro,Sadvajaur Sadva,hydro,6947,34.41,177831.093925293,6.0,0.0,0.9,1,0.0,0,PQ,hydro,0,0.0,Inf,1.0,23.1767841831499,0.0,1.0,0.0,Inf,0.0,0,,1,0.0,0.0,0.0,SE,SE_2,1,34.41
127 hydro,Sikfors 3,hydro,6933,41.2,177831.093925293,6.0,0.0,0.9,1,0.0,0,PQ,hydro,0,0.0,Inf,1.0,27.0196906686495,0.0,1.0,0.0,Inf,0.0,0,,1,0.0,0.0,0.0,SE,SE_1,1,41.2
128 hydro,Sils 2,hydro,6826,13.32,177831.093925293,6.0,0.0,0.9,1,0.0,0,PQ,hydro,0,0.0,Inf,1.0,8.97165839347739,0.0,1.0,0.0,Inf,0.0,0,,1,0.0,0.0,0.0,SE,SE_2,1,13.32
129 hydro,Skagern Gullspang,hydro,6340,87.2,177831.093925293,6.0,0.0,0.9,1,0.0,0,PQ,hydro,0,0.0,Inf,1.0,40.6977867039893,0.0,1.0,0.0,Inf,0.0,0,,1,0.0,0.0,0.0,SE,SE_3,1,87.2
130 hydro,Skymnas 3,hydro,6827,17.316,177831.093925293,6.0,0.0,0.9,1,0.0,0,PQ,hydro,0,0.0,Inf,1.0,11.6631559115206,0.0,1.0,0.0,Inf,0.0,0,,1,0.0,0.0,0.0,SE,SE_2,1,17.316
131 hydro,Solleftea 2,hydro,6802,68.82,177831.093925293,6.0,0.0,0.9,1,0.0,0,PQ,hydro,0,0.0,Inf,1.0,46.3535683662998,0.0,1.0,0.0,Inf,0.0,0,,1,0.0,0.0,0.0,SE,SE_2,1,68.82
132 hydro,Stora Stensjon,hydro,6600,215.82,177831.093925293,6.0,0.0,0.9,1,0.0,0,PQ,hydro,0,0.0,Inf,1.0,100.727022092374,0.0,1.0,0.0,Inf,0.0,0,,1,0.0,0.0,0.0,SE,SE_3,1,215.82
133 hydro,Storavan Bergnas Krv 4,hydro,6925,8.88,177831.093925293,6.0,0.0,0.9,1,0.0,0,PQ,hydro,0,0.0,Inf,1.0,5.98110559565159,0.0,1.0,0.0,Inf,0.0,0,,1,0.0,0.0,0.0,SE,SE_2,1,8.88
134 hydro,Svartafors 2,hydro,6341,10.0821474139455,177831.093925293,6.0,0.0,0.9,1,0.0,0,PQ,hydro,0,0.0,Inf,1.0,4.70551702948316,0.0,1.0,0.0,Inf,0.0,0,,1,0.0,0.0,0.0,SE,SE_3,1,10.0821474139455
135 hydro,Tasan 3,hydro,6630,87.2,177831.093925293,6.0,0.0,0.9,1,0.0,0,PQ,hydro,0,0.0,Inf,1.0,40.6977867039893,0.0,1.0,0.0,Inf,0.0,0,,1,0.0,0.0,0.0,SE,SE_3,1,87.2
136 hydro,Trangfors,hydro,6644,159.14,177831.093925293,6.0,0.0,0.9,1,0.0,0,PQ,hydro,0,0.0,Inf,1.0,74.2734607347805,0.0,1.0,0.0,Inf,0.0,0,,1,0.0,0.0,0.0,SE,SE_3,1,159.14
137 hydro,Traryd,hydro,6349,58.176,177831.093925293,6.0,0.0,0.9,1,0.0,0,PQ,hydro,0,0.0,Inf,1.0,20.4551208123541,0.0,1.0,0.0,Inf,0.0,0,,1,0.0,0.0,0.0,SE,SE_4,1,58.176
138 hydro,Turinge 2,hydro,6600,39.24,177831.093925293,6.0,0.0,0.9,1,0.0,0,PQ,hydro,0,0.0,Inf,1.0,18.3140040167952,0.0,1.0,0.0,Inf,0.0,0,,1,0.0,0.0,0.0,SE,SE_3,1,39.24
139 hydro,Vassinkoski 5,hydro,6846,9.64956855683891,177831.093925293,6.0,0.0,0.9,1,0.0,0,PQ,hydro,0,0.0,Inf,1.0,6.49944690213208,0.0,1.0,0.0,Inf,0.0,0,,1,0.0,0.0,0.0,SE,SE_2,1,9.64956855683891
140 hydro,Yngeredsfors 2,hydro,6315,40.984,177831.093925293,6.0,0.0,0.9,1,0.0,0,PQ,hydro,0,0.0,Inf,1.0,19.127959750875,0.0,1.0,0.0,Inf,0.0,0,,1,0.0,0.0,0.0,SE,SE_3,1,40.984
142 hydro,Tainionkoski 2,hydro,6573,73.36,177831.093925293,6.0,0.0,0.9,1,0.0,0,PQ,hydro,0,0.0,Inf,1.0,58.4606376939912,0.0,1.0,0.0,Inf,0.0,0,,1,0.0,0.0,0.0,FI,FI,1,73.36
156 hydro,Taivalkoski 2,hydro,6910,148.96,177831.093925293,6.0,0.0,0.9,1,0.0,0,PQ,hydro,0,0.0,Inf,1.0,118.706333027493,0.0,1.0,0.0,Inf,0.0,0,,1,0.0,0.0,0.0,FI,FI,1,148.96
159 hydro,Valajaskoski,hydro,6912,113.12,177831.093925293,6.0,0.0,0.9,1,0.0,0,PQ,hydro,0,0.0,Inf,1.0,90.1454107953146,0.0,1.0,0.0,Inf,0.0,0,,1,0.0,0.0,0.0,FI,FI,1,113.12
161 hydro,Pirttikoski,hydro,6914,170.24,177831.093925293,6.0,0.0,0.9,1,0.0,0,PQ,hydro,0,0.0,Inf,1.0,135.66438060285,0.0,1.0,0.0,Inf,0.0,0,,1,0.0,0.0,0.0,FI,FI,1,170.24
163 hydro,Melo,hydro,6547,78.4,177831.093925293,6.0,0.0,0.9,1,0.0,0,PQ,hydro,0,0.0,Inf,1.0,62.4770173828913,0.0,1.0,0.0,Inf,0.0,0,,1,0.0,0.0,0.0,FI,FI,1,78.4
167 hydro,Pamilo 3,hydro,6903,95.2,177831.093925293,6.0,0.0,0.9,1,0.0,0,PQ,hydro,0,0.0,Inf,1.0,75.8649496792251,0.0,1.0,0.0,Inf,0.0,0,,1,0.0,0.0,0.0,FI,FI,1,95.2
169 hydro,Porttipahta 4,hydro,6994,39.2,177831.093925293,6.0,0.0,0.9,1,0.0,0,PQ,hydro,0,0.0,Inf,1.0,31.2385086914456,0.0,1.0,0.0,Inf,0.0,0,,1,0.0,0.0,0.0,FI,FI,1,39.2
172 hydro,Seitakorva,hydro,6916,161.28,177831.093925293,6.0,0.0,0.9,1,0.0,0,PQ,hydro,0,0.0,Inf,1.0,128.524150044805,0.0,1.0,0.0,Inf,0.0,0,,1,0.0,0.0,0.0,FI,FI,1,161.28
178 hydro,Jylhama 2,hydro,6923,61.6,177831.093925293,6.0,0.0,0.9,1,0.0,0,PQ,hydro,0,0.0,Inf,1.0,49.0890850865575,0.0,1.0,0.0,Inf,0.0,0,,1,0.0,0.0,0.0,FI,FI,1,61.6
183 hydro,Petajaskoski,hydro,7055,203.84,177831.093925293,6.0,0.0,0.9,1,0.0,0,PQ,hydro,0,0.0,Inf,1.0,162.440245195517,0.0,1.0,0.0,Inf,0.0,0,,1,0.0,0.0,0.0,FI,FI,1,203.84
184 hydro,Pyhakoski 3,hydro,6921,166.768,177831.093925293,6.0,0.0,0.9,1,0.0,0,PQ,hydro,0,0.0,Inf,1.0,132.897541261607,0.0,1.0,0.0,Inf,0.0,0,,1,0.0,0.0,0.0,FI,FI,1,166.768
186 hydro,Vanttauskoski,hydro,6913,106.4,177831.093925293,6.0,0.0,0.9,1,0.0,0,PQ,hydro,0,0.0,Inf,1.0,84.7902378767811,0.0,1.0,0.0,Inf,0.0,0,,1,0.0,0.0,0.0,FI,FI,1,106.4
246 hydro,Svartisen,hydro,7006,792.0,177831.093925293,8116.39,0.0,0.9,1,0.0,0,PQ,hydro,0,0.0,Inf,1.0,514.873405501422,0.0,1.0,0.0,Inf,0.0,0,,1,0.0,0.0,0.0,NO,NO_4,1,792.0
247 hydro,Skjomen,hydro,6996,330.0,177831.093925293,1884.96,0.0,0.9,1,0.0,0,PQ,hydro,0,0.0,Inf,1.0,214.530585625593,0.0,1.0,0.0,Inf,0.0,0,,1,0.0,0.0,0.0,NO,NO_4,1,330.0
248 hydro,Kobbelv,hydro,7007,330.0,177831.093925293,7070.04,0.0,0.9,1,0.0,0,PQ,hydro,0,0.0,Inf,1.0,214.530585625593,0.0,1.0,0.0,Inf,0.0,0,,1,0.0,0.0,0.0,NO,NO_4,1,330.0
249 hydro,Alta Krv,hydro,7019,181.5,177831.093925293,389.7,0.0,0.9,1,0.0,0,PQ,hydro,0,0.0,Inf,1.0,117.991822094076,0.0,1.0,0.0,Inf,0.0,0,,1,0.0,0.0,0.0,NO,NO_4,1,181.5
250 hydro,Straumsmo,hydro,7020,143.0,177831.093925293,14.6861538461539,0.0,0.9,1,0.0,0,PQ,hydro,0,0.0,Inf,1.0,92.9632537710901,0.0,1.0,0.0,Inf,0.0,0,,1,0.0,0.0,0.0,NO,NO_4,1,143.0
251 hydro,Ana Sira,hydro,6360,162.0,177831.093925293,114.7,0.0,0.9,1,0.0,0,PQ,hydro,0,0.0,Inf,1.0,120.416079676132,0.0,1.0,0.0,Inf,0.0,0,,1,0.0,0.0,0.0,NO,NO_2,1,162.0
252 hydro,Torpa,hydro,6718,221.4,177831.093925293,1778.33333333333,0.0,0.9,1,0.0,0,PQ,hydro,0,0.0,Inf,1.0,71.9873260947501,0.0,1.0,0.0,Inf,0.0,0,,1,0.0,0.0,0.0,NO,NO_1,1,221.4
253 hydro,Tyin,hydro,6666,401.7,177831.093925293,2380.35187165775,0.0,0.9,1,0.0,0,PQ,hydro,0,0.0,Inf,1.0,280.516313568848,0.0,1.0,0.0,Inf,0.0,0,,1,0.0,0.0,0.0,NO,NO_5,1,401.7
254 hydro,Tysso,hydro,6680,237.6,177831.093925293,2652.15357142857,0.0,0.9,1,0.0,0,PQ,hydro,0,0.0,Inf,1.0,176.61025019166,0.0,1.0,0.0,Inf,0.0,0,,1,0.0,0.0,0.0,NO,NO_2,1,237.6
255 hydro,Kolsvik,hydro,6939,140.8,177831.093925293,1707.5953125,0.0,0.9,1,0.0,0,PQ,hydro,0,0.0,Inf,1.0,91.5330498669195,0.0,1.0,0.0,Inf,0.0,0,,1,0.0,0.0,0.0,NO,NO_4,1,140.8
256 hydro,Jostedal,hydro,6657,298.7,177831.093925293,4770.77083333333,0.0,0.9,1,0.0,0,PQ,hydro,0,0.0,Inf,1.0,208.5890536794,0.0,1.0,0.0,Inf,0.0,0,,1,0.0,0.0,0.0,NO,NO_5,1,298.7
257 hydro,Hylen,hydro,6683,172.8,177831.093925293,45.375,0.0,0.9,1,0.0,0,PQ,hydro,0,0.0,Inf,1.0,128.443818321207,0.0,1.0,0.0,Inf,0.0,0,,1,0.0,0.0,0.0,NO,NO_2,1,172.8
258 hydro,Holen,hydro,6705,448.2,177831.093925293,2971.25076923077,0.0,0.9,1,0.0,0,PQ,hydro,0,0.0,Inf,1.0,333.151153770632,0.0,1.0,0.0,Inf,0.0,0,,1,0.0,0.0,0.0,NO,NO_2,1,448.2
259 hydro,Hol,hydro,6670,236.9,177831.093925293,3357.35650406504,0.0,0.9,1,0.0,0,PQ,hydro,0,0.0,Inf,1.0,165.432697745731,0.0,1.0,0.0,Inf,0.0,0,,1,0.0,0.0,0.0,NO,NO_5,1,236.9
260 hydro,Hjartdola,hydro,6725,129.6,177831.093925293,1029.8,0.0,0.9,1,0.0,0,PQ,hydro,0,0.0,Inf,1.0,96.3328637409056,0.0,1.0,0.0,Inf,0.0,0,,1,0.0,0.0,0.0,NO,NO_2,1,129.6
261 hydro,Hemsil,hydro,6715,113.3,177831.093925293,6.0,0.0,0.9,1,0.0,0,PQ,hydro,0,0.0,Inf,1.0,79.1199858783931,0.0,1.0,0.0,Inf,0.0,0,,1,0.0,0.0,0.0,NO,NO_5,1,113.3
262 hydro,Usta,hydro,6716,191.786,177831.093925293,2516.25,0.0,0.9,1,0.0,0,PQ,hydro,0,0.0,Inf,1.0,133.928557914153,0.0,1.0,0.0,Inf,0.0,0,,1,0.0,0.0,0.0,NO,NO_5,1,191.786
263 hydro,Vemork,hydro,6722,220.32,177831.093925293,5.13333333333333,0.0,0.9,1,0.0,0,PQ,hydro,0,0.0,Inf,1.0,163.765868359539,0.0,1.0,0.0,Inf,0.0,0,,1,0.0,0.0,0.0,NO,NO_2,1,220.32
264 hydro,Vinje,hydro,6704,333.72,177831.093925293,516.096,0.0,0.9,1,0.0,0,PQ,hydro,0,0.0,Inf,1.0,248.057124132832,0.0,1.0,0.0,Inf,0.0,0,,1,0.0,0.0,0.0,NO,NO_2,1,333.72
265 hydro,Tunnsjodal,hydro,6941,188.32,177831.093925293,40.1818181818182,0.0,0.9,1,0.0,0,PQ,hydro,0,0.0,Inf,1.0,122.425454197005,0.0,1.0,0.0,Inf,0.0,0,,1,0.0,0.0,0.0,NO,NO_4,1,188.32
266 hydro,Tonstad,hydro,6357,1036.8,177831.093925293,76.9165416666667,0.0,0.9,1,0.0,0,PQ,hydro,0,0.0,Inf,1.0,770.662909927245,0.0,1.0,0.0,Inf,0.0,0,,1,0.0,0.0,0.0,NO,NO_2,1,1036.8
267 hydro,Tokke,hydro,6711,475.2,177831.093925293,24.3013953488372,0.0,0.9,1,0.0,0,PQ,hydro,0,0.0,Inf,1.0,353.22050038332,0.0,1.0,0.0,Inf,0.0,0,,1,0.0,0.0,0.0,NO,NO_2,1,475.2
268 hydro,Solhom,hydro,6708,216.0,177831.093925293,848.736,0.0,0.9,1,0.0,0,PQ,hydro,0,0.0,Inf,1.0,160.554772901509,0.0,1.0,0.0,Inf,0.0,0,,1,0.0,0.0,0.0,NO,NO_2,1,216.0
269 hydro,Songa,hydro,6703,146.88,177831.093925293,4000.0,0.0,0.9,1,0.0,0,PQ,hydro,0,0.0,Inf,1.0,109.177245573026,0.0,1.0,0.0,Inf,0.0,0,,1,0.0,0.0,0.0,NO,NO_2,1,146.88
270 hydro,Sonna 2,hydro,6683,297.0,177831.093925293,202.61113132048,0.0,0.9,1,0.0,0,PQ,hydro,0,0.0,Inf,1.0,220.762812739575,0.0,1.0,0.0,Inf,0.0,0,,1,0.0,0.0,0.0,NO,NO_2,1,297.0
271 hydro,Steinsfoss,hydro,6365,124.2,177831.093925293,6.0,0.0,0.9,1,0.0,0,PQ,hydro,0,0.0,Inf,1.0,92.3189944183678,0.0,1.0,0.0,Inf,0.0,0,,1,0.0,0.0,0.0,NO,NO_2,1,124.2
272 hydro,Steinsland,hydro,6651,175.1,177831.093925293,288.677647058824,0.0,0.9,1,0.0,0,PQ,hydro,0,0.0,Inf,1.0,122.276341812062,0.0,1.0,0.0,Inf,0.0,0,,1,0.0,0.0,0.0,NO,NO_5,1,175.1
273 hydro,Suldal,hydro,6687,345.924,177831.093925293,255.227878787879,0.0,0.9,1,0.0,0,PQ,hydro,0,0.0,Inf,1.0,257.128468801767,0.0,1.0,0.0,Inf,0.0,0,,1,0.0,0.0,0.0,NO,NO_2,1,345.924
274 hydro,Sundsbarm 2,hydro,6725,118.8,177831.093925293,2343.67567567568,0.0,0.9,1,0.0,0,PQ,hydro,0,0.0,Inf,1.0,88.3051250958301,0.0,1.0,0.0,Inf,0.0,0,,1,0.0,0.0,0.0,NO,NO_2,1,118.8
275 hydro,Sundsfjord 2,hydro,7006,112.2,177831.093925293,2136.3125,0.0,0.9,1,0.0,0,PQ,hydro,0,0.0,Inf,1.0,72.9403991127015,0.0,1.0,0.0,Inf,0.0,0,,1,0.0,0.0,0.0,NO,NO_4,1,112.2
276 hydro,Svelgen,hydro,6647,208.898,177831.093925293,2726.11139240506,0.0,0.9,1,0.0,0,PQ,hydro,0,0.0,Inf,1.0,146.707032170894,0.0,1.0,0.0,Inf,0.0,0,,1,0.0,0.0,0.0,NO,NO_3,1,208.898
277 hydro,Sy Sima,hydro,6668,741.6,177831.093925293,1649.54525806452,0.0,0.9,1,0.0,0,PQ,hydro,0,0.0,Inf,1.0,517.876271204027,0.0,1.0,0.0,Inf,0.0,0,,1,0.0,0.0,0.0,NO,NO_5,1,741.6
278 hydro,Tafjord,hydro,6860,168.37,177831.093925293,1540.71301247772,0.0,0.9,1,0.0,0,PQ,hydro,0,0.0,Inf,1.0,118.244612234743,0.0,1.0,0.0,Inf,0.0,0,,1,0.0,0.0,0.0,NO,NO_3,1,168.37
279 hydro,Tjodan,hydro,6697,122.04,177831.093925293,1776.87272727273,0.0,0.9,1,0.0,0,PQ,hydro,0,0.0,Inf,1.0,90.7134466893528,0.0,1.0,0.0,Inf,0.0,0,,1,0.0,0.0,0.0,NO,NO_2,1,122.04
280 hydro,Tjorhom,hydro,6700,129.6,177831.093925293,2872.37166666667,0.0,0.9,1,0.0,0,PQ,hydro,0,0.0,Inf,1.0,96.3328637409056,0.0,1.0,0.0,Inf,0.0,0,,1,0.0,0.0,0.0,NO,NO_2,1,129.6
281 hydro,Askara 2,hydro,6647,198.17,177831.093925293,2090.57795275591,0.0,0.9,1,0.0,0,PQ,hydro,0,0.0,Inf,1.0,139.172862187795,0.0,1.0,0.0,Inf,0.0,0,,1,0.0,0.0,0.0,NO,NO_3,1,198.17
282 hydro,Aura,hydro,6872,421.67,177831.093925293,280.763793103448,0.0,0.9,1,0.0,0,PQ,hydro,0,0.0,Inf,1.0,296.134736835684,0.0,1.0,0.0,Inf,0.0,0,,1,0.0,0.0,0.0,NO,NO_3,1,421.67
283 hydro,Aurland,hydro,6662,1311.19,177831.093925293,478.995238095238,0.0,0.9,1,0.0,0,PQ,hydro,0,0.0,Inf,1.0,915.634018392676,0.0,1.0,0.0,Inf,0.0,0,,1,0.0,0.0,0.0,NO,NO_5,1,1311.19
284 hydro,Bjolvo,hydro,6655,106.296,177831.093925293,1967.48991935484,0.0,0.9,1,0.0,0,PQ,hydro,0,0.0,Inf,1.0,74.2289322059106,0.0,1.0,0.0,Inf,0.0,0,,1,0.0,0.0,0.0,NO,NO_5,1,106.296
285 hydro,Blafal,hydro,6677,381.24,177831.093925293,91.3530434782609,0.0,0.9,1,0.0,0,PQ,hydro,0,0.0,Inf,1.0,283.379174171164,0.0,1.0,0.0,Inf,0.0,0,,1,0.0,0.0,0.0,NO,NO_2,1,381.24
286 hydro,Borgund,hydro,6667,218.36,177831.093925293,741.009905660378,0.0,0.9,1,0.0,0,PQ,hydro,0,0.0,Inf,1.0,152.48579096563,0.0,1.0,0.0,Inf,0.0,0,,1,0.0,0.0,0.0,NO,NO_5,1,218.36
287 hydro,Bratsberg,hydro,6867,196.68,177831.093925293,969.98064516129,0.0,0.9,1,0.0,0,PQ,hydro,0,0.0,Inf,1.0,138.126449690143,0.0,1.0,0.0,Inf,0.0,0,,1,0.0,0.0,0.0,NO,NO_3,1,196.68
288 hydro,Brokke,hydro,6710,409.32,177831.093925293,604.557575757576,0.0,0.9,1,0.0,0,PQ,hydro,0,0.0,Inf,1.0,304.25129464836,0.0,1.0,0.0,Inf,0.0,0,,1,0.0,0.0,0.0,NO,NO_2,1,409.32
289 hydro,Dale,hydro,6653,148.32,177831.093925293,7.936,0.0,0.9,1,0.0,0,PQ,hydro,0,0.0,Inf,1.0,103.575254240805,0.0,1.0,0.0,Inf,0.0,0,,1,0.0,0.0,0.0,NO,NO_5,1,148.32
290 hydro,Driva 2,hydro,6872,214.56,177831.093925293,2592.0,0.0,0.9,1,0.0,0,PQ,hydro,0,0.0,Inf,1.0,150.683399661974,0.0,1.0,0.0,Inf,0.0,0,,1,0.0,0.0,0.0,NO,NO_3,1,214.56
291 hydro,Duge,hydro,6699,216.0,177831.093925293,3885.0,0.0,0.9,1,0.0,0,PQ,hydro,0,0.0,Inf,1.0,160.554772901509,0.0,1.0,0.0,Inf,0.0,0,,1,0.0,0.0,0.0,NO,NO_2,1,216.0
292 hydro,Evanger,hydro,6654,339.9,177831.093925293,1714.32727272727,0.0,0.9,1,0.0,0,PQ,hydro,0,0.0,Inf,1.0,237.359957635179,0.0,1.0,0.0,Inf,0.0,0,,1,0.0,0.0,0.0,NO,NO_5,1,339.9
293 hydro,Finndola 2,hydro,6711,116.64,177831.093925293,818.211111111111,0.0,0.9,1,0.0,0,PQ,hydro,0,0.0,Inf,1.0,86.699577366815,0.0,1.0,0.0,Inf,0.0,0,,1,0.0,0.0,0.0,NO,NO_2,1,116.64
294 hydro,Grytten Kraftver 2,hydro,6860,213.815,177831.093925293,2484.26202090592,0.0,0.9,1,0.0,0,PQ,hydro,0,0.0,Inf,1.0,150.160193413147,0.0,1.0,0.0,Inf,0.0,0,,1,0.0,0.0,0.0,NO,NO_3,1,213.815
295 hydro,Trollheim 3,hydro,6872,193.7,177831.093925293,1326.24012638231,0.0,0.9,1,0.0,0,PQ,hydro,0,0.0,Inf,1.0,136.033624694837,0.0,1.0,0.0,Inf,0.0,0,,1,0.0,0.0,0.0,NO,NO_3,1,193.7
297 hydro,Skjerka 2,hydro,6708,112.32,177831.093925293,1122.40198451113,0.0,0.9,1,0.0,0,PQ,hydro,0,0.0,Inf,1.0,83.4884819087848,0.0,1.0,0.0,Inf,0.0,0,,1,0.0,0.0,0.0,NO,NO_2,1,112.32
298 hydro,Siso,hydro,7008,198.0,177831.093925293,4510.53555555556,0.0,0.9,1,0.0,0,PQ,hydro,0,0.0,Inf,1.0,128.718351375356,0.0,1.0,0.0,Inf,0.0,0,,1,0.0,0.0,0.0,NO,NO_4,1,198.0
299 hydro,Saurdal,hydro,6692,691.2,177831.093925293,4988.925,0.0,0.9,1,0.0,0,PQ,hydro,0,0.0,Inf,1.0,513.77527328483,0.0,1.0,0.0,Inf,0.0,0,,1,0.0,0.0,0.0,NO,NO_2,1,691.2
300 hydro,Roldal,hydro,6685,172.8,177831.093925293,1492.30722891566,0.0,0.9,1,0.0,0,PQ,hydro,0,0.0,Inf,1.0,128.443818321207,0.0,1.0,0.0,Inf,0.0,0,,1,0.0,0.0,0.0,NO,NO_2,1,172.8
301 hydro,Kvilldal 2,hydro,6692,1339.2,177831.093925293,308.852532258064,0.0,0.9,1,0.0,0,PQ,hydro,0,0.0,Inf,1.0,995.439591989357,0.0,1.0,0.0,Inf,0.0,0,,1,0.0,0.0,0.0,NO,NO_2,1,1339.2
302 hydro,Lang Sima 2,hydro,6668,597.4,177831.093925293,1020.68,0.0,0.9,1,0.0,0,PQ,hydro,0,0.0,Inf,1.0,417.1781073588,0.0,1.0,0.0,Inf,0.0,0,,1,0.0,0.0,0.0,NO,NO_5,1,597.4
303 hydro,Leirdola,hydro,6660,118.45,177831.093925293,1519.408,0.0,0.9,1,0.0,0,PQ,hydro,0,0.0,Inf,1.0,82.7163488728655,0.0,1.0,0.0,Inf,0.0,0,,1,0.0,0.0,0.0,NO,NO_5,1,118.45
304 hydro,Lomi 2,hydro,7008,132.0,177831.093925293,5255.11016949153,0.0,0.9,1,0.0,0,PQ,hydro,0,0.0,Inf,1.0,85.8122342502371,0.0,1.0,0.0,Inf,0.0,0,,1,0.0,0.0,0.0,NO,NO_4,1,132.0
305 hydro,Lysebotn 2,hydro,6697,246.24,177831.093925293,2574.12972972973,0.0,0.9,1,0.0,0,PQ,hydro,0,0.0,Inf,1.0,183.032441107721,0.0,1.0,0.0,Inf,0.0,0,,1,0.0,0.0,0.0,NO,NO_2,1,246.24
306 hydro,Mar,hydro,6723,199.8,177831.093925293,2630.04,0.0,0.9,1,0.0,0,PQ,hydro,0,0.0,Inf,1.0,148.513164933896,0.0,1.0,0.0,Inf,0.0,0,,1,0.0,0.0,0.0,NO,NO_2,1,199.8
307 hydro,Matre 2,hydro,6653,154.5,177831.093925293,574.802727272727,0.0,0.9,1,0.0,0,PQ,hydro,0,0.0,Inf,1.0,107.890889834172,0.0,1.0,0.0,Inf,0.0,0,,1,0.0,0.0,0.0,NO,NO_5,1,154.5
308 hydro,Mauranger,hydro,6675,276.48,177831.093925293,684.4092,0.0,0.9,1,0.0,0,PQ,hydro,0,0.0,Inf,1.0,205.510109313932,0.0,1.0,0.0,Inf,0.0,0,,1,0.0,0.0,0.0,NO,NO_2,1,276.48
309 hydro,Myster 3,hydro,6653,113.3,177831.093925293,6.0,0.0,0.9,1,0.0,0,PQ,hydro,0,0.0,Inf,1.0,79.1199858783931,0.0,1.0,0.0,Inf,0.0,0,,1,0.0,0.0,0.0,NO,NO_5,1,113.3
310 hydro,Naddvik,hydro,6659,115.36,177831.093925293,653.801785714286,0.0,0.9,1,0.0,0,PQ,hydro,0,0.0,Inf,1.0,80.558531076182,0.0,1.0,0.0,Inf,0.0,0,,1,0.0,0.0,0.0,NO,NO_5,1,115.36
311 hydro,Nea,hydro,7061,330.78,177831.093925293,191.954285714286,0.0,0.9,1,0.0,0,PQ,hydro,0,0.0,Inf,1.0,232.303574478876,0.0,1.0,0.0,Inf,0.0,0,,1,0.0,0.0,0.0,NO,NO_3,1,330.78
312 hydro,Nedre Rossaga,hydro,6934,385.0,177831.093925293,31.9742857142857,0.0,0.9,1,0.0,0,PQ,hydro,0,0.0,Inf,1.0,250.285683229858,0.0,1.0,0.0,Inf,0.0,0,,1,0.0,0.0,0.0,NO,NO_4,1,385.0
313 hydro,Nedre Vinstra,hydro,6713,464.4,177831.093925293,107.941233766234,0.0,0.9,1,0.0,0,PQ,hydro,0,0.0,Inf,1.0,150.997805954842,0.0,1.0,0.0,Inf,0.0,0,,1,0.0,0.0,0.0,NO,NO_1,1,464.4
314 hydro,Rendal,hydro,6875,153.9,177831.093925293,6.0,0.0,0.9,1,0.0,0,PQ,hydro,0,0.0,Inf,1.0,50.039970578058,0.0,1.0,0.0,Inf,0.0,0,,1,0.0,0.0,0.0,NO,NO_1,1,153.9
315 hydro,Rana,hydro,6944,550.0,177831.093925293,4894.8,0.0,0.9,1,0.0,0,PQ,hydro,0,0.0,Inf,1.0,357.550976042654,0.0,1.0,0.0,Inf,0.0,0,,1,0.0,0.0,0.0,NO,NO_4,1,550.0
316 hydro,Oyberget 2,hydro,6666,107.12,177831.093925293,2.03969849246231,0.0,0.9,1,0.0,0,PQ,hydro,0,0.0,Inf,1.0,74.8043502850262,0.0,1.0,0.0,Inf,0.0,0,,1,0.0,0.0,0.0,NO,NO_5,1,107.12
317 hydro,Ovre Vinstra,hydro,6712,189.0,177831.093925293,3106.69714285714,0.0,0.9,1,0.0,0,PQ,hydro,0,0.0,Inf,1.0,61.4525954467379,0.0,1.0,0.0,Inf,0.0,0,,1,0.0,0.0,0.0,NO,NO_1,1,189.0
318 hydro,Ovre Rossaga 2,hydro,6934,174.9,177831.093925293,4576.95428571429,0.0,0.9,1,0.0,0,PQ,hydro,0,0.0,Inf,1.0,113.701210381564,0.0,1.0,0.0,Inf,0.0,0,,1,0.0,0.0,0.0,NO,NO_4,1,174.9
319 hydro,Oksla 2,hydro,6680,237.6,177831.093925293,2206.5145631068,0.0,0.9,1,0.0,0,PQ,hydro,0,0.0,Inf,1.0,176.61025019166,0.0,1.0,0.0,Inf,0.0,0,,1,0.0,0.0,0.0,NO,NO_2,1,237.6
320 hydro,Nes Oek 2,hydro,6715,267.8,177831.093925293,6.0,0.0,0.9,1,0.0,0,PQ,hydro,0,0.0,Inf,1.0,187.010875712565,0.0,1.0,0.0,Inf,0.0,0,,1,0.0,0.0,0.0,NO,NO_5,1,267.8
321 hydro,Adamselv,hydro,7010,55.44,177831.093925293,3348.8,0.0,0.9,1,0.0,0,PQ,hydro,0,0.0,Inf,1.0,36.0411383850996,0.0,1.0,0.0,Inf,0.0,0,,1,0.0,0.0,0.0,NO,NO_4,1,55.44
322 hydro,Nore,hydro,6724,212.18,177831.093925293,1084.6511627907,0.0,0.9,1,0.0,0,PQ,hydro,0,0.0,Inf,1.0,148.170155372263,0.0,1.0,0.0,Inf,0.0,0,,1,0.0,0.0,0.0,NO,NO_5,1,212.18
323 hydro,Bardufoss 2,hydro,7020,48.07,177831.093925293,6.0,0.0,0.9,1,0.0,0,PQ,hydro,0,0.0,Inf,1.0,31.249955306128,0.0,1.0,0.0,Inf,0.0,0,,1,0.0,0.0,0.0,NO,NO_4,1,48.07
324 hydro,Batsvatn 2,hydro,6996,33.0,177831.093925293,3054.33333333333,0.0,0.9,1,0.0,0,PQ,hydro,0,0.0,Inf,1.0,21.4530585625593,0.0,1.0,0.0,Inf,0.0,0,,1,0.0,0.0,0.0,NO,NO_4,1,33.0
325 hydro,Glomfjord 3,hydro,7006,22.0,177831.093925293,787.1,0.0,0.9,1,0.0,0,PQ,hydro,0,0.0,Inf,1.0,14.3020390417062,0.0,1.0,0.0,Inf,0.0,0,,1,0.0,0.0,0.0,NO,NO_4,1,22.0
326 hydro,Innset 3,hydro,7020,99.0,177831.093925293,4758.43333333333,0.0,0.9,1,0.0,0,PQ,hydro,0,0.0,Inf,1.0,64.3591756876778,0.0,1.0,0.0,Inf,0.0,0,,1,0.0,0.0,0.0,NO,NO_4,1,99.0
327 hydro,Ylja,hydro,6671,66.95,177831.093925293,5402.42446153846,0.0,0.9,1,0.0,0,PQ,hydro,0,0.0,Inf,1.0,46.7527189281414,0.0,1.0,0.0,Inf,0.0,0,,1,0.0,0.0,0.0,NO,NO_5,1,66.95
328 hydro,Vrangfoss 3,hydro,6725,38.88,177831.093925293,6.0,0.0,0.9,1,0.0,0,PQ,hydro,0,0.0,Inf,1.0,28.8998591222717,0.0,1.0,0.0,Inf,0.0,0,,1,0.0,0.0,0.0,NO,NO_2,1,38.88
329 hydro,Vrenga 2,hydro,6724,10.815,177831.093925293,1523.2,0.0,0.9,1,0.0,0,PQ,hydro,0,0.0,Inf,1.0,7.55236228839206,0.0,1.0,0.0,Inf,0.0,0,,1,0.0,0.0,0.0,NO,NO_5,1,10.815
330 hydro,Viulfoss,hydro,6719,16.875,177831.093925293,6.0,0.0,0.9,1,0.0,0,PQ,hydro,0,0.0,Inf,1.0,5.48683887917303,0.0,1.0,0.0,Inf,0.0,0,,1,0.0,0.0,0.0,NO,NO_1,1,16.875
331 hydro,Tussa,hydro,6857,95.36,177831.093925293,3045.15,0.0,0.9,1,0.0,0,PQ,hydro,0,0.0,Inf,1.0,66.9703998497661,0.0,1.0,0.0,Inf,0.0,0,,1,0.0,0.0,0.0,NO,NO_3,1,95.36
333 hydro,Tinfos 4,hydro,6725,48.06,177831.093925293,6.0,0.0,0.9,1,0.0,0,PQ,hydro,0,0.0,Inf,1.0,35.7234369705858,0.0,1.0,0.0,Inf,0.0,0,,1,0.0,0.0,0.0,NO,NO_2,1,48.06
334 hydro,Tistedalsfoss,hydro,6629,27.0,177831.093925293,219.555,0.0,0.9,1,0.0,0,PQ,hydro,0,0.0,Inf,1.0,8.77894220667684,0.0,1.0,0.0,Inf,0.0,0,,1,0.0,0.0,0.0,NO,NO_1,1,27.0
335 hydro,Tjonnefoss,hydro,6372,6.48,177831.093925293,6.0,0.0,0.9,1,0.0,0,PQ,hydro,0,0.0,Inf,1.0,4.81664318704528,0.0,1.0,0.0,Inf,0.0,0,,1,0.0,0.0,0.0,NO,NO_2,1,6.48
336 hydro,Toklev,hydro,6726,5.184,177831.093925293,1645.3125,0.0,0.9,1,0.0,0,PQ,hydro,0,0.0,Inf,1.0,3.85331454963622,0.0,1.0,0.0,Inf,0.0,0,,1,0.0,0.0,0.0,NO,NO_2,1,5.184
337 hydro,Tosdalen 2,hydro,6939,21.23,177831.093925293,6.0,0.0,0.9,1,0.0,0,PQ,hydro,0,0.0,Inf,1.0,13.8014676752465,0.0,1.0,0.0,Inf,0.0,0,,1,0.0,0.0,0.0,NO,NO_4,1,21.23
338 hydro,Tosse,hydro,6747,3.605,177831.093925293,264.0,0.0,0.9,1,0.0,0,PQ,hydro,0,0.0,Inf,1.0,0.0,0.0,1.0,0.0,Inf,0.0,0,,1,0.0,0.0,0.0,NO,NO_5,1,0.0
339 hydro,Tou,hydro,6688,1.188,177831.093925293,247.272727272727,0.0,0.9,1,0.0,0,PQ,hydro,0,0.0,Inf,1.0,0.0,0.0,1.0,0.0,Inf,0.0,0,,1,0.0,0.0,0.0,NO,NO_2,1,0.0
340 hydro,Trengereid 2,hydro,6747,3.605,177831.093925293,749.828571428571,0.0,0.9,1,0.0,0,PQ,hydro,0,0.0,Inf,1.0,0.0,0.0,1.0,0.0,Inf,0.0,0,,1,0.0,0.0,0.0,NO,NO_5,1,0.0
341 hydro,Tryland,hydro,6362,5.832,177831.093925293,949.666666666667,0.0,0.9,1,0.0,0,PQ,hydro,0,0.0,Inf,1.0,4.33497886834075,0.0,1.0,0.0,Inf,0.0,0,,1,0.0,0.0,0.0,NO,NO_2,1,5.832
342 hydro,Tveitereidfoss,hydro,6728,2.808,177831.093925293,6.0,0.0,0.9,1,0.0,0,PQ,hydro,0,0.0,Inf,1.0,0.0,0.0,1.0,0.0,Inf,0.0,0,,1,0.0,0.0,0.0,NO,NO_2,1,0.0
343 hydro,Tya 3,hydro,7061,47.68,177831.093925293,668.775,0.0,0.9,1,0.0,0,PQ,hydro,0,0.0,Inf,1.0,33.485199924883,0.0,1.0,0.0,Inf,0.0,0,,1,0.0,0.0,0.0,NO,NO_3,1,47.68
344 hydro,Ulset,hydro,6868,52.15,177831.093925293,3054.85714285714,0.0,0.9,1,0.0,0,PQ,hydro,0,0.0,Inf,1.0,36.6244374178408,0.0,1.0,0.0,Inf,0.0,0,,1,0.0,0.0,0.0,NO,NO_3,1,52.15
345 hydro,Ulvik 3,hydro,6668,22.417847,177831.093925293,2354.71028037383,0.0,0.9,1,0.0,0,PQ,hydro,0,0.0,Inf,1.0,15.6548961876785,0.0,1.0,0.0,Inf,0.0,0,,1,0.0,0.0,0.0,NO,NO_5,1,22.417847
346 hydro,Ulvund 4,hydro,6872,29.055,177831.093925293,92.8205128205128,0.0,0.9,1,0.0,0,PQ,hydro,0,0.0,Inf,1.0,20.4050437042256,0.0,1.0,0.0,Inf,0.0,0,,1,0.0,0.0,0.0,NO,NO_3,1,29.055
347 hydro,Ustekveikja,hydro,6669,37.595,177831.093925293,78.7558904109589,0.0,0.9,1,0.0,0,PQ,hydro,0,0.0,Inf,1.0,26.2534498596486,0.0,1.0,0.0,Inf,0.0,0,,1,0.0,0.0,0.0,NO,NO_5,1,37.595
348 hydro,Uvdal 2,hydro,6716,135.48311,177831.093925293,3214.44444444444,0.0,0.9,1,0.0,0,PQ,hydro,0,0.0,Inf,1.0,94.6109598407835,0.0,1.0,0.0,Inf,0.0,0,,1,0.0,0.0,0.0,NO,NO_5,1,135.48311
349 hydro,Vafos 2,hydro,6728,5.2812,177831.093925293,6.0,0.0,0.9,1,0.0,0,PQ,hydro,0,0.0,Inf,1.0,3.9255641974419,0.0,1.0,0.0,Inf,0.0,0,,1,0.0,0.0,0.0,NO,NO_2,1,5.2812
350 hydro,Valen,hydro,6674,14.04,177831.093925293,400.421052631579,0.0,0.9,1,0.0,0,PQ,hydro,0,0.0,Inf,1.0,10.4360602385981,0.0,1.0,0.0,Inf,0.0,0,,1,0.0,0.0,0.0,NO,NO_2,1,14.04
351 hydro,Vemundsbotn 4,hydro,6653,46.35,177831.093925293,2362.01777777778,0.0,0.9,1,0.0,0,PQ,hydro,0,0.0,Inf,1.0,32.3672669502517,0.0,1.0,0.0,Inf,0.0,0,,1,0.0,0.0,0.0,NO,NO_5,1,46.35
352 hydro,Vessingfoss 4,hydro,7061,59.6,177831.093925293,1859.375,0.0,0.9,1,0.0,0,PQ,hydro,0,0.0,Inf,1.0,41.8564999061038,0.0,1.0,0.0,Inf,0.0,0,,1,0.0,0.0,0.0,NO,NO_3,1,59.6
353 hydro,Vestfossen,hydro,6732,3.78,177831.093925293,870.821428571429,0.0,0.9,1,0.0,0,PQ,hydro,0,0.0,Inf,1.0,0.0,0.0,1.0,0.0,Inf,0.0,0,,1,0.0,0.0,0.0,NO,NO_1,1,0.0
354 hydro,Vigelandsfoss 2,hydro,6365,28.08,177831.093925293,0.0923076923076923,0.0,0.9,1,0.0,0,PQ,hydro,0,0.0,Inf,1.0,20.8721204771962,0.0,1.0,0.0,Inf,0.0,0,,1,0.0,0.0,0.0,NO,NO_2,1,28.08
355 hydro,Taraldsvik,hydro,6997,1.65,177831.093925293,6460.4,0.0,0.9,1,0.0,0,PQ,hydro,0,0.0,Inf,1.0,0.0,0.0,1.0,0.0,Inf,0.0,0,,1,0.0,0.0,0.0,NO,NO_4,1,0.0
356 hydro,Svorkmo,hydro,6865,81.95,177831.093925293,6.0,0.0,0.9,1,0.0,0,PQ,hydro,0,0.0,Inf,1.0,57.5526873708927,0.0,1.0,0.0,Inf,0.0,0,,1,0.0,0.0,0.0,NO,NO_3,1,81.95
357 hydro,Svorka 5,hydro,6872,32.78,177831.093925293,330.681818181818,0.0,0.9,1,0.0,0,PQ,hydro,0,0.0,Inf,1.0,23.0210749483571,0.0,1.0,0.0,Inf,0.0,0,,1,0.0,0.0,0.0,NO,NO_3,1,32.78
358 hydro,Sokna 2,hydro,6868,37.25,177831.093925293,12.0666666666667,0.0,0.9,1,0.0,0,PQ,hydro,0,0.0,Inf,1.0,26.1603124413149,0.0,1.0,0.0,Inf,0.0,0,,1,0.0,0.0,0.0,NO,NO_3,1,37.25
359 hydro,Skjefstadfoss,hydro,6721,32.13,177831.093925293,6.0,0.0,0.9,1,0.0,0,PQ,hydro,0,0.0,Inf,1.0,10.4469412259454,0.0,1.0,0.0,Inf,0.0,0,,1,0.0,0.0,0.0,NO,NO_1,1,32.13
360 hydro,Skogfoss 2,hydro,7010,52.8,177831.093925293,2795.83333333333,0.0,0.9,1,0.0,0,PQ,hydro,0,0.0,Inf,1.0,34.3248937000948,0.0,1.0,0.0,Inf,0.0,0,,1,0.0,0.0,0.0,NO,NO_4,1,52.8
361 hydro,Skogheim 3,hydro,6647,11.473,177831.093925293,2030.77922077922,0.0,0.9,1,0.0,0,PQ,hydro,0,0.0,Inf,1.0,8.05737623192498,0.0,1.0,0.0,Inf,0.0,0,,1,0.0,0.0,0.0,NO,NO_3,1,11.473
362 hydro,Skollenborg 2,hydro,6732,130.95,177831.093925293,6.0,0.0,0.9,1,0.0,0,PQ,hydro,0,0.0,Inf,1.0,42.5778697023827,0.0,1.0,0.0,Inf,0.0,0,,1,0.0,0.0,0.0,NO,NO_1,1,130.95
363 hydro,Skoltefoss 3,hydro,6728,26.9568,177831.093925293,8.625,0.0,0.9,1,0.0,0,PQ,hydro,0,0.0,Inf,1.0,20.0372356581084,0.0,1.0,0.0,Inf,0.0,0,,1,0.0,0.0,0.0,NO,NO_2,1,26.9568
364 hydro,Skulafossen 2,hydro,6655,4.635,177831.093925293,572.711111111111,0.0,0.9,1,0.0,0,PQ,hydro,0,0.0,Inf,1.0,0.0,0.0,1.0,0.0,Inf,0.0,0,,1,0.0,0.0,0.0,NO,NO_5,1,0.0
365 hydro,Slind,hydro,6870,29.8,177831.093925293,918.03,0.0,0.9,1,0.0,0,PQ,hydro,0,0.0,Inf,1.0,20.9282499530519,0.0,1.0,0.0,Inf,0.0,0,,1,0.0,0.0,0.0,NO,NO_3,1,29.8
366 hydro,Slunkajavrre 2,hydro,7007,23.1,177831.093925293,2359.7619047619,0.0,0.9,1,0.0,0,PQ,hydro,0,0.0,Inf,1.0,15.0171409937915,0.0,1.0,0.0,Inf,0.0,0,,1,0.0,0.0,0.0,NO,NO_4,1,23.1
367 hydro,Smadola,hydro,6874,22.499,177831.093925293,6.0,0.0,0.9,1,0.0,0,PQ,hydro,0,0.0,Inf,1.0,15.8008287145542,0.0,1.0,0.0,Inf,0.0,0,,1,0.0,0.0,0.0,NO,NO_3,1,22.499
368 hydro,Smavatna 2,hydro,7019,20.68,177831.093925293,1577.87234042553,0.0,0.9,1,0.0,0,PQ,hydro,0,0.0,Inf,1.0,13.4439166992038,0.0,1.0,0.0,Inf,0.0,0,,1,0.0,0.0,0.0,NO,NO_4,1,20.68
369 hydro,Smeland 3,hydro,6708,25.9281,177831.093925293,13.4166666666667,0.0,0.9,1,0.0,0,PQ,hydro,0,0.0,Inf,1.0,19.2725935521649,0.0,1.0,0.0,Inf,0.0,0,,1,0.0,0.0,0.0,NO,NO_2,1,25.9281
370 hydro,Soa 2,hydro,6865,55.13,177831.093925293,1131.75675675676,0.0,0.9,1,0.0,0,PQ,hydro,0,0.0,Inf,1.0,38.717262413146,0.0,1.0,0.0,Inf,0.0,0,,1,0.0,0.0,0.0,NO,NO_3,1,55.13
371 hydro,Sorfjord 3,hydro,6996,86.9,177831.093925293,1634.96,0.0,0.9,1,0.0,0,PQ,hydro,0,0.0,Inf,1.0,56.4930542147394,0.0,1.0,0.0,Inf,0.0,0,,1,0.0,0.0,0.0,NO,NO_4,1,86.9
372 hydro,Stakaldefoss 4,hydro,6647,14.9,177831.093925293,445.0,0.0,0.9,1,0.0,0,PQ,hydro,0,0.0,Inf,1.0,10.4641249765259,0.0,1.0,0.0,Inf,0.0,0,,1,0.0,0.0,0.0,NO,NO_3,1,14.9
374 hydro,Storaselva 2,hydro,6941,28.05,177831.093925293,6.0,0.0,0.9,1,0.0,0,PQ,hydro,0,0.0,Inf,1.0,18.2350997781754,0.0,1.0,0.0,Inf,0.0,0,,1,0.0,0.0,0.0,NO,NO_4,1,28.05
375 hydro,Stordal 2,hydro,6651,27.5525,177831.093925293,810.276923076923,0.0,0.9,1,0.0,0,PQ,hydro,0,0.0,Inf,1.0,19.2405420204274,0.0,1.0,0.0,Inf,0.0,0,,1,0.0,0.0,0.0,NO,NO_5,1,27.5525
376 hydro,Storlivatn 3,hydro,6683,51.84,177831.093925293,1179.425,0.0,0.9,1,0.0,0,PQ,hydro,0,0.0,Inf,1.0,38.5331454963622,0.0,1.0,0.0,Inf,0.0,0,,1,0.0,0.0,0.0,NO,NO_2,1,51.84
377 hydro,Strandfossen 2,hydro,6721,36.531,177831.093925293,6.0,0.0,0.9,1,0.0,0,PQ,hydro,0,0.0,Inf,1.0,11.8779088056338,0.0,1.0,0.0,Inf,0.0,0,,1,0.0,0.0,0.0,NO,NO_1,1,36.531
378 hydro,Stuvane,hydro,6665,39.14,177831.093925293,6.0,0.0,0.9,1,0.0,0,PQ,hydro,0,0.0,Inf,1.0,27.3323587579903,0.0,1.0,0.0,Inf,0.0,0,,1,0.0,0.0,0.0,NO,NO_5,1,39.14
379 hydro,Svandalsflona,hydro,6686,21.6,177831.093925293,705.6,0.0,0.9,1,0.0,0,PQ,hydro,0,0.0,Inf,1.0,16.0554772901509,0.0,1.0,0.0,Inf,0.0,0,,1,0.0,0.0,0.0,NO,NO_2,1,21.6
380 hydro,Svartelva 2,hydro,6867,23.095,177831.093925293,1241.29032258065,0.0,0.9,1,0.0,0,PQ,hydro,0,0.0,Inf,1.0,16.2193937136152,0.0,1.0,0.0,Inf,0.0,0,,1,0.0,0.0,0.0,NO,NO_3,1,23.095
381 hydro,Svean 3,hydro,6868,40.23,177831.093925293,6.0,0.0,0.9,1,0.0,0,PQ,hydro,0,0.0,Inf,1.0,28.2531374366201,0.0,1.0,0.0,Inf,0.0,0,,1,0.0,0.0,0.0,NO,NO_3,1,40.23
382 hydro,Svelgfoss 5,hydro,6725,99.36,177831.093925293,6.0,0.0,0.9,1,0.0,0,PQ,hydro,0,0.0,Inf,1.0,73.8551955346943,0.0,1.0,0.0,Inf,0.0,0,,1,0.0,0.0,0.0,NO,NO_2,1,99.36
383 hydro,Skjak 3,hydro,6666,32.96,177831.093925293,2975.625,0.0,0.9,1,0.0,0,PQ,hydro,0,0.0,Inf,1.0,23.0167231646234,0.0,1.0,0.0,Inf,0.0,0,,1,0.0,0.0,0.0,NO,NO_5,1,32.96
384 hydro,Skibotn 3,hydro,7019,77.0,177831.093925293,2186.08,0.0,0.9,1,0.0,0,PQ,hydro,0,0.0,Inf,1.0,50.0571366459716,0.0,1.0,0.0,Inf,0.0,0,,1,0.0,0.0,0.0,NO,NO_4,1,77.0
385 hydro,Klosterfoss 2,hydro,6726,11.34,177831.093925293,6.0,0.0,0.9,1,0.0,0,PQ,hydro,0,0.0,Inf,1.0,8.42912557732924,0.0,1.0,0.0,Inf,0.0,0,,1,0.0,0.0,0.0,NO,NO_2,1,11.34
386 hydro,Kongsvinger,hydro,6626,57.645,177831.093925293,6.0,0.0,0.9,1,0.0,0,PQ,hydro,0,0.0,Inf,1.0,18.7430416112551,0.0,1.0,0.0,Inf,0.0,0,,1,0.0,0.0,0.0,NO,NO_1,1,57.645
387 hydro,Kurasfoss 5,hydro,7061,15.794,177831.093925293,2170.28301886792,0.0,0.9,1,0.0,0,PQ,hydro,0,0.0,Inf,1.0,11.0919724751175,0.0,1.0,0.0,Inf,0.0,0,,1,0.0,0.0,0.0,NO,NO_3,1,15.794
388 hydro,Kvaenangsbotn 4,hydro,7019,60.5,177831.093925293,323.658181818182,0.0,0.9,1,0.0,0,PQ,hydro,0,0.0,Inf,1.0,39.330607364692,0.0,1.0,0.0,Inf,0.0,0,,1,0.0,0.0,0.0,NO,NO_4,1,60.5
389 hydro,Kvanndal 2,hydro,6687,43.2,177831.093925293,3589.0,0.0,0.9,1,0.0,0,PQ,hydro,0,0.0,Inf,1.0,32.1109545803019,0.0,1.0,0.0,Inf,0.0,0,,1,0.0,0.0,0.0,NO,NO_2,1,43.2
390 hydro,Kjosnesfjorden,hydro,6649,86.52,177831.093925293,737.331428571429,0.0,0.9,1,0.0,0,PQ,hydro,0,0.0,Inf,1.0,60.4188983071365,0.0,1.0,0.0,Inf,0.0,0,,1,0.0,0.0,0.0,NO,NO_5,1,86.52
391 hydro,Kjensvatn 2,hydro,6944,15.4,177831.093925293,3969.85714285714,0.0,0.9,1,0.0,0,PQ,hydro,0,0.0,Inf,1.0,10.0114273291943,0.0,1.0,0.0,Inf,0.0,0,,1,0.0,0.0,0.0,NO,NO_4,1,15.4
392 hydro,Kjela,hydro,6702,66.96,177831.093925293,3494.59516129032,0.0,0.9,1,0.0,0,PQ,hydro,0,0.0,Inf,1.0,49.7719795994679,0.0,1.0,0.0,Inf,0.0,0,,1,0.0,0.0,0.0,NO,NO_2,1,66.96
393 hydro,Kistefoss 2,hydro,6719,7.559865,177831.093925293,6.0,0.0,0.9,1,0.0,0,PQ,hydro,0,0.0,Inf,1.0,2.45805992315848,0.0,1.0,0.0,Inf,0.0,0,,1,0.0,0.0,0.0,NO,NO_1,1,7.559865
394 hydro,Hol Urunda 3,hydro,6716,109.4375,177831.093925293,6.0,0.0,0.9,1,0.0,0,PQ,hydro,0,0.0,Inf,1.0,76.4227136325387,0.0,1.0,0.0,Inf,0.0,0,,1,0.0,0.0,0.0,NO,NO_5,1,109.4375
395 hydro,Gjedrem Holmen 2,hydro,6649,0.2884,177831.093925293,6.0,0.0,0.9,1,0.0,0,PQ,hydro,0,0.0,Inf,1.0,0.0,0.0,1.0,0.0,Inf,0.0,0,,1,0.0,0.0,0.0,NO,NO_5,1,0.0
396 hydro,Holsbru 4,hydro,6666,50.367,177831.093925293,6.0,0.0,0.9,1,0.0,0,PQ,hydro,0,0.0,Inf,1.0,35.1724300859402,0.0,1.0,0.0,Inf,0.0,0,,1,0.0,0.0,0.0,NO,NO_5,1,50.367
397 hydro,Holseter 3,hydro,6724,2.06,177831.093925293,765.0,0.0,0.9,1,0.0,0,PQ,hydro,0,0.0,Inf,1.0,0.0,0.0,1.0,0.0,Inf,0.0,0,,1,0.0,0.0,0.0,NO,NO_5,1,0.0
398 hydro,Hommelfoss 5,hydro,6653,2.884,177831.093925293,186.428571428571,0.0,0.9,1,0.0,0,PQ,hydro,0,0.0,Inf,1.0,0.0,0.0,1.0,0.0,Inf,0.0,0,,1,0.0,0.0,0.0,NO,NO_5,1,0.0
399 hydro,Honefoss 3,hydro,6719,43.578,177831.093925293,6.0,0.0,0.9,1,0.0,0,PQ,hydro,0,0.0,Inf,1.0,14.1692127215764,0.0,1.0,0.0,Inf,0.0,0,,1,0.0,0.0,0.0,NO,NO_1,1,43.578
400 hydro,Horga 3,hydro,6732,9.72,177831.093925293,1277.76388888889,0.0,0.9,1,0.0,0,PQ,hydro,0,0.0,Inf,1.0,3.16041919440366,0.0,1.0,0.0,Inf,0.0,0,,1,0.0,0.0,0.0,NO,NO_1,1,9.72
401 hydro,Hovatn 2,hydro,6710,48.6,177831.093925293,1666.13333333333,0.0,0.9,1,0.0,0,PQ,hydro,0,0.0,Inf,1.0,36.1248239028396,0.0,1.0,0.0,Inf,0.0,0,,1,0.0,0.0,0.0,NO,NO_2,1,48.6
402 hydro,Hove 3,hydro,6649,61.8,177831.093925293,6.0,0.0,0.9,1,0.0,0,PQ,hydro,0,0.0,Inf,1.0,43.1563559336689,0.0,1.0,0.0,Inf,0.0,0,,1,0.0,0.0,0.0,NO,NO_5,1,61.8
403 hydro,Hoyanger,hydro,6648,163.006,177831.093925293,2349.47257769653,0.0,0.9,1,0.0,0,PQ,hydro,0,0.0,Inf,1.0,114.477527243194,0.0,1.0,0.0,Inf,0.0,0,,1,0.0,0.0,0.0,NO,NO_3,1,163.006
404 hydro,Hoylandsfoss,hydro,6364,9.5364,177831.093925293,239.44,0.0,0.9,1,0.0,0,PQ,hydro,0,0.0,Inf,1.0,7.08849322360164,0.0,1.0,0.0,Inf,0.0,0,,1,0.0,0.0,0.0,NO,NO_2,1,9.5364
405 hydro,Hunderfossen 2,hydro,6718,151.2,177831.093925293,6.0,0.0,0.9,1,0.0,0,PQ,hydro,0,0.0,Inf,1.0,49.1620763573903,0.0,1.0,0.0,Inf,0.0,0,,1,0.0,0.0,0.0,NO,NO_1,1,151.2
406 hydro,Hunsfoss 3,hydro,6365,27.108,177831.093925293,6.0,0.0,0.9,1,0.0,0,PQ,hydro,0,0.0,Inf,1.0,20.1496239991394,0.0,1.0,0.0,Inf,0.0,0,,1,0.0,0.0,0.0,NO,NO_2,1,27.108
407 hydro,Innvik 2,hydro,6857,23.095,177831.093925293,6.0,0.0,0.9,1,0.0,0,PQ,hydro,0,0.0,Inf,1.0,16.2193937136152,0.0,1.0,0.0,Inf,0.0,0,,1,0.0,0.0,0.0,NO,NO_3,1,23.095
408 hydro,Iveland 4,hydro,6365,93.96,177831.093925293,286.179310344828,0.0,0.9,1,0.0,0,PQ,hydro,0,0.0,Inf,1.0,69.8413262121566,0.0,1.0,0.0,Inf,0.0,0,,1,0.0,0.0,0.0,NO,NO_2,1,93.96
409 hydro,Jorundland 3,hydro,6710,59.616,177831.093925293,2966.93115942029,0.0,0.9,1,0.0,0,PQ,hydro,0,0.0,Inf,1.0,44.3131173208166,0.0,1.0,0.0,Inf,0.0,0,,1,0.0,0.0,0.0,NO,NO_2,1,59.616
410 hydro,Jossang,hydro,6689,36.72,177831.093925293,519.944117647059,0.0,0.9,1,0.0,0,PQ,hydro,0,0.0,Inf,1.0,27.2943113932566,0.0,1.0,0.0,Inf,0.0,0,,1,0.0,0.0,0.0,NO,NO_2,1,36.72
412 hydro,Kaggefoss 4,hydro,6732,115.425,177831.093925293,6.0,0.0,0.9,1,0.0,0,PQ,hydro,0,0.0,Inf,1.0,37.5299779335435,0.0,1.0,0.0,Inf,0.0,0,,1,0.0,0.0,0.0,NO,NO_1,1,115.425
413 hydro,Kaldaga,hydro,6937,18.81,177831.093925293,1161.96,0.0,0.9,1,0.0,0,PQ,hydro,0,0.0,Inf,1.0,12.2282433806588,0.0,1.0,0.0,Inf,0.0,0,,1,0.0,0.0,0.0,NO,NO_4,1,18.81
414 hydro,Kaldestad 2,hydro,6654,31.209,177831.093925293,1289.86,0.0,0.9,1,0.0,0,PQ,hydro,0,0.0,Inf,1.0,21.7939597465028,0.0,1.0,0.0,Inf,0.0,0,,1,0.0,0.0,0.0,NO,NO_5,1,31.209
415 hydro,Kalvedalen,hydro,6714,19.57,177831.093925293,3504.42105263158,0.0,0.9,1,0.0,0,PQ,hydro,0,0.0,Inf,1.0,13.6661793789952,0.0,1.0,0.0,Inf,0.0,0,,1,0.0,0.0,0.0,NO,NO_5,1,19.57
416 hydro,Kammerfoss 4,hydro,6728,2.052,177831.093925293,6.0,0.0,0.9,1,0.0,0,PQ,hydro,0,0.0,Inf,1.0,0.0,0.0,1.0,0.0,Inf,0.0,0,,1,0.0,0.0,0.0,NO,NO_2,1,0.0
417 hydro,Mel 4,hydro,6649,53.65888,177831.093925293,2233.41923076923,0.0,0.9,1,0.0,0,PQ,hydro,0,0.0,Inf,1.0,37.4712253120069,0.0,1.0,0.0,Inf,0.0,0,,1,0.0,0.0,0.0,NO,NO_5,1,53.65888
418 hydro,Lio 3,hydro,6711,46.44,177831.093925293,1499.46511627907,0.0,0.9,1,0.0,0,PQ,hydro,0,0.0,Inf,1.0,34.5192761738245,0.0,1.0,0.0,Inf,0.0,0,,1,0.0,0.0,0.0,NO,NO_2,1,46.44
419 hydro,Litjfossen 3,hydro,6865,111.75,177831.093925293,1388.0,0.0,0.9,1,0.0,0,PQ,hydro,0,0.0,Inf,1.0,78.4809373239446,0.0,1.0,0.0,Inf,0.0,0,,1,0.0,0.0,0.0,NO,NO_3,1,111.75
420 hydro,Litledalen 2,hydro,6677,18.36,177831.093925293,10.2482352941177,0.0,0.9,1,0.0,0,PQ,hydro,0,0.0,Inf,1.0,13.6471556966283,0.0,1.0,0.0,Inf,0.0,0,,1,0.0,0.0,0.0,NO,NO_2,1,18.36
421 hydro,Logna 4,hydro,6710,21.816,177831.093925293,2495.36633663366,0.0,0.9,1,0.0,0,PQ,hydro,0,0.0,Inf,1.0,16.2160320630524,0.0,1.0,0.0,Inf,0.0,0,,1,0.0,0.0,0.0,NO,NO_2,1,21.816
422 hydro,Lomen 2,hydro,6714,56.135,177831.093925293,595.009174311927,0.0,0.9,1,0.0,0,PQ,hydro,0,0.0,Inf,1.0,39.2003566397493,0.0,1.0,0.0,Inf,0.0,0,,1,0.0,0.0,0.0,NO,NO_5,1,56.135
423 hydro,Lopet 3,hydro,6721,39.15,177831.093925293,277.586206896552,0.0,0.9,1,0.0,0,PQ,hydro,0,0.0,Inf,1.0,12.7294661996814,0.0,1.0,0.0,Inf,0.0,0,,1,0.0,0.0,0.0,NO,NO_1,1,39.15
424 hydro,Lutufallet 4,hydro,6721,19.035,177831.093925293,6.0,0.0,0.9,1,0.0,0,PQ,hydro,0,0.0,Inf,1.0,6.18915425570717,0.0,1.0,0.0,Inf,0.0,0,,1,0.0,0.0,0.0,NO,NO_1,1,19.035
425 hydro,Mael 2,hydro,6723,40.5,177831.093925293,6.0,0.0,0.9,1,0.0,0,PQ,hydro,0,0.0,Inf,1.0,30.104019919033,0.0,1.0,0.0,Inf,0.0,0,,1,0.0,0.0,0.0,NO,NO_2,1,40.5
426 hydro,Mage 3,hydro,6680,31.914,177831.093925293,143.689655172414,0.0,0.9,1,0.0,0,PQ,hydro,0,0.0,Inf,1.0,23.721967696198,0.0,1.0,0.0,Inf,0.0,0,,1,0.0,0.0,0.0,NO,NO_2,1,31.914
427 hydro,Malset 5,hydro,6649,20.6,177831.093925293,1903.615,0.0,0.9,1,0.0,0,PQ,hydro,0,0.0,Inf,1.0,14.3854519778896,0.0,1.0,0.0,Inf,0.0,0,,1,0.0,0.0,0.0,NO,NO_5,1,20.6
428 hydro,Maudal 2,hydro,6360,27.54,177831.093925293,1749.17647058824,0.0,0.9,1,0.0,0,PQ,hydro,0,0.0,Inf,1.0,20.4707335449424,0.0,1.0,0.0,Inf,0.0,0,,1,0.0,0.0,0.0,NO,NO_2,1,27.54
429 hydro,Melkefoss 3,hydro,7010,24.2,177831.093925293,6.0,0.0,0.9,1,0.0,0,PQ,hydro,0,0.0,Inf,1.0,15.7322429458768,0.0,1.0,0.0,Inf,0.0,0,,1,0.0,0.0,0.0,NO,NO_4,1,24.2
430 hydro,Linvasselv,hydro,6940,27.5,177831.093925293,4943.232,0.0,0.9,1,0.0,0,PQ,hydro,0,0.0,Inf,1.0,17.8775488021327,0.0,1.0,0.0,Inf,0.0,0,,1,0.0,0.0,0.0,NO,NO_4,1,27.5
431 hydro,Leirfossene 3,hydro,6867,67.05,177831.093925293,6.0,0.0,0.9,1,0.0,0,PQ,hydro,0,0.0,Inf,1.0,47.0885623943668,0.0,1.0,0.0,Inf,0.0,0,,1,0.0,0.0,0.0,NO,NO_3,1,67.05
432 hydro,Leinafoss 2,hydro,6662,7.931,177831.093925293,6.0,0.0,0.9,1,0.0,0,PQ,hydro,0,0.0,Inf,1.0,5.53839901148751,0.0,1.0,0.0,Inf,0.0,0,,1,0.0,0.0,0.0,NO,NO_5,1,7.931
433 hydro,Laudal 2,hydro,6362,34.56,177831.093925293,5.821875,0.0,0.9,1,0.0,0,PQ,hydro,0,0.0,Inf,1.0,25.6887636642415,0.0,1.0,0.0,Inf,0.0,0,,1,0.0,0.0,0.0,NO,NO_2,1,34.56
434 hydro,Norddalen 2,hydro,6997,8.25,177831.093925293,6.0,0.0,0.9,1,0.0,0,PQ,hydro,0,0.0,Inf,1.0,5.36326464063982,0.0,1.0,0.0,Inf,0.0,0,,1,0.0,0.0,0.0,NO,NO_4,1,8.25
435 hydro,Neverdalsaga 4,hydro,7006,2.31,177831.093925293,6.0,0.0,0.9,1,0.0,0,PQ,hydro,0,0.0,Inf,1.0,0.0,0.0,1.0,0.0,Inf,0.0,0,,1,0.0,0.0,0.0,NO,NO_4,1,0.0
436 hydro,Kvinen,hydro,6707,86.4,177831.093925293,375.7,0.0,0.9,1,0.0,0,PQ,hydro,0,0.0,Inf,1.0,64.2219091606037,0.0,1.0,0.0,Inf,0.0,0,,1,0.0,0.0,0.0,NO,NO_2,1,86.4
437 hydro,Kvitingen 6,hydro,6653,49.749,177831.093925293,1201.1375,0.0,0.9,1,0.0,0,PQ,hydro,0,0.0,Inf,1.0,34.7408665266035,0.0,1.0,0.0,Inf,0.0,0,,1,0.0,0.0,0.0,NO,NO_5,1,49.749
438 hydro,Lakshola 3,hydro,7008,33.0,177831.093925293,630.466666666667,0.0,0.9,1,0.0,0,PQ,hydro,0,0.0,Inf,1.0,21.4530585625593,0.0,1.0,0.0,Inf,0.0,0,,1,0.0,0.0,0.0,NO,NO_4,1,33.0
439 hydro,Langasfoss 5,hydro,6728,3.8124,177831.093925293,6.0,0.0,0.9,1,0.0,0,PQ,hydro,0,0.0,Inf,1.0,0.0,0.0,1.0,0.0,Inf,0.0,0,,1,0.0,0.0,0.0,NO,NO_2,1,0.0
440 hydro,Langvatn 3,hydro,6944,104.94,177831.093925293,52.8,0.0,0.9,1,0.0,0,PQ,hydro,0,0.0,Inf,1.0,68.2207262289385,0.0,1.0,0.0,Inf,0.0,0,,1,0.0,0.0,0.0,NO,NO_4,1,104.94
441 hydro,Hogga 6,hydro,6725,18.36,177831.093925293,205.882352941176,0.0,0.9,1,0.0,0,PQ,hydro,0,0.0,Inf,1.0,13.6471556966283,0.0,1.0,0.0,Inf,0.0,0,,1,0.0,0.0,0.0,NO,NO_2,1,18.36
442 hydro,Hofsfoss 4,hydro,6719,36.45,177831.093925293,6.0,0.0,0.9,1,0.0,0,PQ,hydro,0,0.0,Inf,1.0,11.8515719790137,0.0,1.0,0.0,Inf,0.0,0,,1,0.0,0.0,0.0,NO,NO_1,1,36.45
443 hydro,Breiava 3,hydro,6697,15.984,177831.093925293,383.783783783784,0.0,0.9,1,0.0,0,PQ,hydro,0,0.0,Inf,1.0,11.8810531947117,0.0,1.0,0.0,Inf,0.0,0,,1,0.0,0.0,0.0,NO,NO_2,1,15.984
444 hydro,Bingsfoss 2,hydro,6626,43.875,177831.093925293,6.0,0.0,0.9,1,0.0,0,PQ,hydro,0,0.0,Inf,1.0,14.2657810858499,0.0,1.0,0.0,Inf,0.0,0,,1,0.0,0.0,0.0,NO,NO_1,1,43.875
445 hydro,Bjelland 3,hydro,6362,60.1668,177831.093925293,7.76,0.0,0.9,1,0.0,0,PQ,hydro,0,0.0,Inf,1.0,44.7225319917154,0.0,1.0,0.0,Inf,0.0,0,,1,0.0,0.0,0.0,NO,NO_2,1,60.1668
446 hydro,Bjerka 3,hydro,6934,22.0,177831.093925293,6441.3,0.0,0.9,1,0.0,0,PQ,hydro,0,0.0,Inf,1.0,14.3020390417062,0.0,1.0,0.0,Inf,0.0,0,,1,0.0,0.0,0.0,NO,NO_4,1,22.0
447 hydro,Bjordalen 2,hydro,6722,3.132,177831.093925293,1368.0,0.0,0.9,1,0.0,0,PQ,hydro,0,0.0,Inf,1.0,0.0,0.0,1.0,0.0,Inf,0.0,0,,1,0.0,0.0,0.0,NO,NO_2,1,0.0
448 hydro,Blafalli 3,hydro,6677,136.188,177831.093925293,1099.46933333333,0.0,0.9,1,0.0,0,PQ,hydro,0,0.0,Inf,1.0,101.229784314402,0.0,1.0,0.0,Inf,0.0,0,,1,0.0,0.0,0.0,NO,NO_2,1,136.188
449 hydro,Bogna,hydro,6938,84.93,177831.093925293,1750.0,0.0,0.9,1,0.0,0,PQ,hydro,0,0.0,Inf,1.0,59.6455123661979,0.0,1.0,0.0,Inf,0.0,0,,1,0.0,0.0,0.0,NO,NO_3,1,84.93
450 hydro,Bortveit,hydro,6749,2.592,177831.093925293,659.458333333333,0.0,0.9,1,0.0,0,PQ,hydro,0,0.0,Inf,1.0,0.0,0.0,1.0,0.0,Inf,0.0,0,,1,0.0,0.0,0.0,NO,NO_2,1,0.0
451 hydro,Braskereidfoss 3,hydro,6626,48.5325,177831.093925293,0.305980528511822,0.0,0.9,1,0.0,0,PQ,hydro,0,0.0,Inf,1.0,15.7801486165016,0.0,1.0,0.0,Inf,0.0,0,,1,0.0,0.0,0.0,NO,NO_1,1,48.5325
453 hydro,Brattset 4,hydro,6865,119.2,177831.093925293,13.09,0.0,0.9,1,0.0,0,PQ,hydro,0,0.0,Inf,1.0,83.7129998122076,0.0,1.0,0.0,Inf,0.0,0,,1,0.0,0.0,0.0,NO,NO_3,1,119.2
454 hydro,Brulandsfoss 5,hydro,6647,18.625,177831.093925293,6.0,0.0,0.9,1,0.0,0,PQ,hydro,0,0.0,Inf,1.0,13.0801562206574,0.0,1.0,0.0,Inf,0.0,0,,1,0.0,0.0,0.0,NO,NO_3,1,18.625
455 hydro,Eidesfossen 3,hydro,6675,4.428,177831.093925293,6.0,0.0,0.9,1,0.0,0,PQ,hydro,0,0.0,Inf,1.0,0.0,0.0,1.0,0.0,Inf,0.0,0,,1,0.0,0.0,0.0,NO,NO_2,1,0.0
456 hydro,Byrkjelo 3,hydro,6857,19.7723,177831.093925293,6.0,0.0,0.9,1,0.0,0,PQ,hydro,0,0.0,Inf,1.0,13.8858938438499,0.0,1.0,0.0,Inf,0.0,0,,1,0.0,0.0,0.0,NO,NO_3,1,19.7723
457 hydro,Byrte 4,hydro,6711,21.6,177831.093925293,2019.54,0.0,0.9,1,0.0,0,PQ,hydro,0,0.0,Inf,1.0,16.0554772901509,0.0,1.0,0.0,Inf,0.0,0,,1,0.0,0.0,0.0,NO,NO_2,1,21.6
458 hydro,Daja 4,hydro,7008,33.0,177831.093925293,3658.53666666667,0.0,0.9,1,0.0,0,PQ,hydro,0,0.0,Inf,1.0,21.4530585625593,0.0,1.0,0.0,Inf,0.0,0,,1,0.0,0.0,0.0,NO,NO_4,1,33.0
459 hydro,Mydalen 3,hydro,6723,7.56,177831.093925293,4221.25714285714,0.0,0.9,1,0.0,0,PQ,hydro,0,0.0,Inf,1.0,5.61941705155282,0.0,1.0,0.0,Inf,0.0,0,,1,0.0,0.0,0.0,NO,NO_2,1,7.56
460 hydro,Dalvatn 4,hydro,6683,38.232,177831.093925293,350.720338983051,0.0,0.9,1,0.0,0,PQ,hydro,0,0.0,Inf,1.0,28.4181948035671,0.0,1.0,0.0,Inf,0.0,0,,1,0.0,0.0,0.0,NO,NO_2,1,38.232
461 hydro,Dividalen 5,hydro,7019,28.6,177831.093925293,3251.58076923077,0.0,0.9,1,0.0,0,PQ,hydro,0,0.0,Inf,1.0,18.592650754218,0.0,1.0,0.0,Inf,0.0,0,,1,0.0,0.0,0.0,NO,NO_4,1,28.6
462 hydro,Djupa 4,hydro,6724,14.73724,177831.093925293,6.0,0.0,0.9,1,0.0,0,PQ,hydro,0,0.0,Inf,1.0,10.2913523449823,0.0,1.0,0.0,Inf,0.0,0,,1,0.0,0.0,0.0,NO,NO_5,1,14.73724
463 hydro,Dokka 3,hydro,6718,60.21,177831.093925293,6.0,0.0,0.9,1,0.0,0,PQ,hydro,0,0.0,Inf,1.0,19.5770411208894,0.0,1.0,0.0,Inf,0.0,0,,1,0.0,0.0,0.0,NO,NO_1,1,60.21
464 hydro,Dovikfoss 5,hydro,6732,20.25,177831.093925293,6.0,0.0,0.9,1,0.0,0,PQ,hydro,0,0.0,Inf,1.0,6.58420665500763,0.0,1.0,0.0,Inf,0.0,0,,1,0.0,0.0,0.0,NO,NO_1,1,20.25
465 hydro,Dynjanfoss 2,hydro,6372,35.64,177831.093925293,1275.0696969697,0.0,0.9,1,0.0,0,PQ,hydro,0,0.0,Inf,1.0,26.491537528749,0.0,1.0,0.0,Inf,0.0,0,,1,0.0,0.0,0.0,NO,NO_2,1,35.64
466 hydro,Berlifoss 3,hydro,6372,10.26,177831.093925293,6.0,0.0,0.9,1,0.0,0,PQ,hydro,0,0.0,Inf,1.0,7.62635171282169,0.0,1.0,0.0,Inf,0.0,0,,1,0.0,0.0,0.0,NO,NO_2,1,10.26
467 hydro,Berild 3,hydro,6860,23.691,177831.093925293,106.450943396226,0.0,0.9,1,0.0,0,PQ,hydro,0,0.0,Inf,1.0,16.6379587126763,0.0,1.0,0.0,Inf,0.0,0,,1,0.0,0.0,0.0,NO,NO_3,1,23.691
468 hydro,Bergerfoss 5,hydro,6719,4.455,177831.093925293,1609.63636363636,0.0,0.9,1,0.0,0,PQ,hydro,0,0.0,Inf,1.0,0.0,0.0,1.0,0.0,Inf,0.0,0,,1,0.0,0.0,0.0,NO,NO_1,1,0.0
469 hydro,Begna 6,hydro,6719,7.56,177831.093925293,6.0,0.0,0.9,1,0.0,0,PQ,hydro,0,0.0,Inf,1.0,2.45810381786952,0.0,1.0,0.0,Inf,0.0,0,,1,0.0,0.0,0.0,NO,NO_1,1,7.56
470 hydro,Ulefoss 6,hydro,6728,15.336,177831.093925293,6.0,0.0,0.9,1,0.0,0,PQ,hydro,0,0.0,Inf,1.0,11.3993888760072,0.0,1.0,0.0,Inf,0.0,0,,1,0.0,0.0,0.0,NO,NO_2,1,15.336
471 hydro,Abjora 2,hydro,6712,128.25,177831.093925293,93.7894736842105,0.0,0.9,1,0.0,0,PQ,hydro,0,0.0,Inf,1.0,41.699975481715,0.0,1.0,0.0,Inf,0.0,0,,1,0.0,0.0,0.0,NO,NO_1,1,128.25
472 hydro,Amdal 5,hydro,6711,22.68,177831.093925293,19.7666666666667,0.0,0.9,1,0.0,0,PQ,hydro,0,0.0,Inf,1.0,16.8582511546585,0.0,1.0,0.0,Inf,0.0,0,,1,0.0,0.0,0.0,NO,NO_2,1,22.68
473 hydro,Amela 4,hydro,6857,47.68,177831.093925293,1510.8,0.0,0.9,1,0.0,0,PQ,hydro,0,0.0,Inf,1.0,33.485199924883,0.0,1.0,0.0,Inf,0.0,0,,1,0.0,0.0,0.0,NO,NO_3,1,47.68
474 hydro,Amli Gjov 4,hydro,6372,19.9746,177831.093925293,6.0,0.0,0.9,1,0.0,0,PQ,hydro,0,0.0,Inf,1.0,14.8473026240671,0.0,1.0,0.0,Inf,0.0,0,,1,0.0,0.0,0.0,NO,NO_2,1,19.9746
475 hydro,Ardalen 7,hydro,6653,2.575,177831.093925293,816.136,0.0,0.9,1,0.0,0,PQ,hydro,0,0.0,Inf,1.0,0.0,0.0,1.0,0.0,Inf,0.0,0,,1,0.0,0.0,0.0,NO,NO_5,1,0.0
476 hydro,Arna 3,hydro,6747,2.266,177831.093925293,108.363636363636,0.0,0.9,1,0.0,0,PQ,hydro,0,0.0,Inf,1.0,0.0,0.0,1.0,0.0,Inf,0.0,0,,1,0.0,0.0,0.0,NO,NO_5,1,0.0
477 hydro,Aroy 2,hydro,6660,96.82,177831.093925293,209.644444444444,0.0,0.9,1,0.0,0,PQ,hydro,0,0.0,Inf,1.0,67.6116242960813,0.0,1.0,0.0,Inf,0.0,0,,1,0.0,0.0,0.0,NO,NO_5,1,96.82
478 hydro,Asebotn 3,hydro,6651,15.45,177831.093925293,2525.86,0.0,0.9,1,0.0,0,PQ,hydro,0,0.0,Inf,1.0,10.7890889834172,0.0,1.0,0.0,Inf,0.0,0,,1,0.0,0.0,0.0,NO,NO_5,1,15.45
479 hydro,Askerudfoss 7,hydro,6719,17.82,177831.093925293,6.0,0.0,0.9,1,0.0,0,PQ,hydro,0,0.0,Inf,1.0,5.79410185640672,0.0,1.0,0.0,Inf,0.0,0,,1,0.0,0.0,0.0,NO,NO_1,1,17.82
480 hydro,Asmulfoss 3,hydro,6941,13.2,177831.093925293,6.0,0.0,0.9,1,0.0,0,PQ,hydro,0,0.0,Inf,1.0,8.58122342502371,0.0,1.0,0.0,Inf,0.0,0,,1,0.0,0.0,0.0,NO,NO_4,1,13.2
481 hydro,Aunfoss 4,hydro,6941,32.494,177831.093925293,6.0,0.0,0.9,1,0.0,0,PQ,hydro,0,0.0,Inf,1.0,21.1241116646,0.0,1.0,0.0,Inf,0.0,0,,1,0.0,0.0,0.0,NO,NO_4,1,32.494
482 hydro,Bagn 3,hydro,6712,101.925,177831.093925293,26.1456953642384,0.0,0.9,1,0.0,0,PQ,hydro,0,0.0,Inf,1.0,33.1405068302051,0.0,1.0,0.0,Inf,0.0,0,,1,0.0,0.0,0.0,NO,NO_1,1,101.925
483 hydro,Eidefossen 2,hydro,6874,19.668,177831.093925293,6.0,0.0,0.9,1,0.0,0,PQ,hydro,0,0.0,Inf,1.0,13.8126449690143,0.0,1.0,0.0,Inf,0.0,0,,1,0.0,0.0,0.0,NO,NO_3,1,19.668
484 hydro,Eide 3,hydro,6726,2.5812,177831.093925293,6.0,0.0,0.9,1,0.0,0,PQ,hydro,0,0.0,Inf,1.0,0.0,0.0,1.0,0.0,Inf,0.0,0,,1,0.0,0.0,0.0,NO,NO_2,1,0.0
485 hydro,Hodnaberg 3,hydro,6655,33.475,177831.093925293,3779.63076923077,0.0,0.9,1,0.0,0,PQ,hydro,0,0.0,Inf,1.0,23.3763594640707,0.0,1.0,0.0,Inf,0.0,0,,1,0.0,0.0,0.0,NO,NO_5,1,33.475
486 hydro,Hardeland 4,hydro,6677,38.88,177831.093925293,2207.39722222222,0.0,0.9,1,0.0,0,PQ,hydro,0,0.0,Inf,1.0,28.8998591222717,0.0,1.0,0.0,Inf,0.0,0,,1,0.0,0.0,0.0,NO,NO_2,1,38.88
487 hydro,Groa 6,hydro,6872,51.703,177831.093925293,6.0,0.0,0.9,1,0.0,0,PQ,hydro,0,0.0,Inf,1.0,36.310513668545,0.0,1.0,0.0,Inf,0.0,0,,1,0.0,0.0,0.0,NO,NO_3,1,51.703
488 hydro,Grodemfoss,hydro,6356,3.3264,177831.093925293,6.0,0.0,0.9,1,0.0,0,PQ,hydro,0,0.0,Inf,1.0,0.0,0.0,1.0,0.0,Inf,0.0,0,,1,0.0,0.0,0.0,NO,NO_2,1,0.0
489 hydro,Gronsdal 8,hydro,6653,37.08,177831.093925293,437.305555555556,0.0,0.9,1,0.0,0,PQ,hydro,0,0.0,Inf,1.0,25.8938135602014,0.0,1.0,0.0,Inf,0.0,0,,1,0.0,0.0,0.0,NO,NO_5,1,37.08
490 hydro,Gronvollfoss 7,hydro,6725,35.64,177831.093925293,6.0,0.0,0.9,1,0.0,0,PQ,hydro,0,0.0,Inf,1.0,26.491537528749,0.0,1.0,0.0,Inf,0.0,0,,1,0.0,0.0,0.0,NO,NO_2,1,35.64
491 hydro,Grunnai 8,hydro,6725,27.3456,177831.093925293,7.77962085308057,0.0,0.9,1,0.0,0,PQ,hydro,0,0.0,Inf,1.0,20.3262342493311,0.0,1.0,0.0,Inf,0.0,0,,1,0.0,0.0,0.0,NO,NO_2,1,27.3456
492 hydro,Grytaga 2,hydro,6937,54.23,177831.093925293,1367.30208333333,0.0,0.9,1,0.0,0,PQ,hydro,0,0.0,Inf,1.0,35.2545262378057,0.0,1.0,0.0,Inf,0.0,0,,1,0.0,0.0,0.0,NO,NO_4,1,54.23
493 hydro,Guolasjohka 6,hydro,7019,88.0,177831.093925293,2811.4575,0.0,0.9,1,0.0,0,PQ,hydro,0,0.0,Inf,1.0,57.2081561668247,0.0,1.0,0.0,Inf,0.0,0,,1,0.0,0.0,0.0,NO,NO_4,1,88.0
494 hydro,Haen 4,hydro,6868,37.25,177831.093925293,385.833333333333,0.0,0.9,1,0.0,0,PQ,hydro,0,0.0,Inf,1.0,26.1603124413149,0.0,1.0,0.0,Inf,0.0,0,,1,0.0,0.0,0.0,NO,NO_3,1,37.25
495 hydro,Hakvik 3,hydro,6997,16.06,177831.093925293,2084.0,0.0,0.9,1,0.0,0,PQ,hydro,0,0.0,Inf,1.0,10.4404885004455,0.0,1.0,0.0,Inf,0.0,0,,1,0.0,0.0,0.0,NO,NO_4,1,16.06
496 hydro,Hammeren,hydro,6735,6.5907,177831.093925293,1574.8085106383,0.0,0.9,1,0.0,0,PQ,hydro,0,0.0,Inf,1.0,2.14293979264982,0.0,1.0,0.0,Inf,0.0,0,,1,0.0,0.0,0.0,NO,NO_1,1,6.5907
497 hydro,Hanefoss 5,hydro,6365,23.76,177831.093925293,114.054545454545,0.0,0.9,1,0.0,0,PQ,hydro,0,0.0,Inf,1.0,17.661025019166,0.0,1.0,0.0,Inf,0.0,0,,1,0.0,0.0,0.0,NO,NO_2,1,23.76
498 hydro,Harpefossen 2,hydro,6713,145.8,177831.093925293,6.0,0.0,0.9,1,0.0,0,PQ,hydro,0,0.0,Inf,1.0,47.406287916055,0.0,1.0,0.0,Inf,0.0,0,,1,0.0,0.0,0.0,NO,NO_1,1,145.8
499 hydro,Eidsfoss 7,hydro,6728,29.592,177831.093925293,6.0,0.0,0.9,1,0.0,0,PQ,hydro,0,0.0,Inf,1.0,21.9960038875068,0.0,1.0,0.0,Inf,0.0,0,,1,0.0,0.0,0.0,NO,NO_2,1,29.592
500 hydro,Haukland 3,hydro,6360,5.292,177831.093925293,1073.77551020408,0.0,0.9,1,0.0,0,PQ,hydro,0,0.0,Inf,1.0,3.93359193608698,0.0,1.0,0.0,Inf,0.0,0,,1,0.0,0.0,0.0,NO,NO_2,1,5.292
501 hydro,Haukeli 5,hydro,6710,22.572,177831.093925293,1623.6,0.0,0.9,1,0.0,0,PQ,hydro,0,0.0,Inf,1.0,16.7779737682077,0.0,1.0,0.0,Inf,0.0,0,,1,0.0,0.0,0.0,NO,NO_2,1,22.572
502 hydro,Haverstad 4,hydro,6708,51.84,177831.093925293,41.5333333333333,0.0,0.9,1,0.0,0,PQ,hydro,0,0.0,Inf,1.0,38.5331454963622,0.0,1.0,0.0,Inf,0.0,0,,1,0.0,0.0,0.0,NO,NO_2,1,51.84
503 hydro,Heggmoen 5,hydro,7008,11.0,177831.093925293,3213.2,0.0,0.9,1,0.0,0,PQ,hydro,0,0.0,Inf,1.0,7.15101952085309,0.0,1.0,0.0,Inf,0.0,0,,1,0.0,0.0,0.0,NO,NO_4,1,11.0
504 hydro,Hegsetfoss 2,hydro,6870,47.68,177831.093925293,6.0,0.0,0.9,1,0.0,0,PQ,hydro,0,0.0,Inf,1.0,33.485199924883,0.0,1.0,0.0,Inf,0.0,0,,1,0.0,0.0,0.0,NO,NO_3,1,47.68
505 hydro,Hekni 6,hydro,6710,60.48,177831.093925293,6.0,0.0,0.9,1,0.0,0,PQ,hydro,0,0.0,Inf,1.0,44.9553364124226,0.0,1.0,0.0,Inf,0.0,0,,1,0.0,0.0,0.0,NO,NO_2,1,60.48
506 hydro,Hellandsfoss 4,hydro,6651,35.02,177831.093925293,6.0,0.0,0.9,1,0.0,0,PQ,hydro,0,0.0,Inf,1.0,24.4552683624124,0.0,1.0,0.0,Inf,0.0,0,,1,0.0,0.0,0.0,NO,NO_5,1,35.02
507 hydro,Hellefoss 6,hydro,6732,14.85,177831.093925293,6.0,0.0,0.9,1,0.0,0,PQ,hydro,0,0.0,Inf,1.0,4.82841821367226,0.0,1.0,0.0,Inf,0.0,0,,1,0.0,0.0,0.0,NO,NO_1,1,14.85
508 hydro,Hensfoss 8,hydro,6719,22.545,177831.093925293,339.712574850299,0.0,0.9,1,0.0,0,PQ,hydro,0,0.0,Inf,1.0,7.33041674257516,0.0,1.0,0.0,Inf,0.0,0,,1,0.0,0.0,0.0,NO,NO_1,1,22.545
510 hydro,Hetland 2,hydro,6356,1.8954,177831.093925293,712.77027027027,0.0,0.9,1,0.0,0,PQ,hydro,0,0.0,Inf,1.0,0.0,0.0,1.0,0.0,Inf,0.0,0,,1,0.0,0.0,0.0,NO,NO_2,1,0.0
511 hydro,Gresslifoss 6,hydro,7061,37.25,177831.093925293,2.72,0.0,0.9,1,0.0,0,PQ,hydro,0,0.0,Inf,1.0,26.1603124413149,0.0,1.0,0.0,Inf,0.0,0,,1,0.0,0.0,0.0,NO,NO_3,1,37.25
512 hydro,Gravfoss 7,hydro,6732,65.88,177831.093925293,6.0,0.0,0.9,1,0.0,0,PQ,hydro,0,0.0,Inf,1.0,21.4206189842915,0.0,1.0,0.0,Inf,0.0,0,,1,0.0,0.0,0.0,NO,NO_1,1,65.88
513 hydro,Grasjo 7,hydro,6872,22.35,177831.093925293,2186.66666666667,0.0,0.9,1,0.0,0,PQ,hydro,0,0.0,Inf,1.0,15.6961874647889,0.0,1.0,0.0,Inf,0.0,0,,1,0.0,0.0,0.0,NO,NO_3,1,22.35
514 hydro,Govddesaga 5,hydro,7006,29.48,177831.093925293,6.0,0.0,0.9,1,0.0,0,PQ,hydro,0,0.0,Inf,1.0,19.1647323158863,0.0,1.0,0.0,Inf,0.0,0,,1,0.0,0.0,0.0,NO,NO_4,1,29.48
515 hydro,Eikelandsosen 4,hydro,6747,30.9,177831.093925293,1571.66666666667,0.0,0.9,1,0.0,0,PQ,hydro,0,0.0,Inf,1.0,21.5781779668345,0.0,1.0,0.0,Inf,0.0,0,,1,0.0,0.0,0.0,NO,NO_5,1,30.9
516 hydro,Eiriksdal 2,hydro,6648,119.2,177831.093925293,652.83,0.0,0.9,1,0.0,0,PQ,hydro,0,0.0,Inf,1.0,83.7129998122076,0.0,1.0,0.0,Inf,0.0,0,,1,0.0,0.0,0.0,NO,NO_3,1,119.2
517 hydro,Embretsfoss 8,hydro,6732,95.85,177831.093925293,6.0,0.0,0.9,1,0.0,0,PQ,hydro,0,0.0,Inf,1.0,31.1652448337028,0.0,1.0,0.0,Inf,0.0,0,,1,0.0,0.0,0.0,NO,NO_1,1,95.85
518 hydro,Fagerli 6,hydro,7008,53.152,177831.093925293,6.0,0.0,0.9,1,0.0,0,PQ,hydro,0,0.0,Inf,1.0,34.5537263247621,0.0,1.0,0.0,Inf,0.0,0,,1,0.0,0.0,0.0,NO,NO_4,1,53.152
519 hydro,Fagervollan 4,hydro,6934,23.1,177831.093925293,2431.42857142857,0.0,0.9,1,0.0,0,PQ,hydro,0,0.0,Inf,1.0,15.0171409937915,0.0,1.0,0.0,Inf,0.0,0,,1,0.0,0.0,0.0,NO,NO_4,1,23.1
520 hydro,Faslefoss 4,hydro,6712,24.03,177831.093925293,397.101123595506,0.0,0.9,1,0.0,0,PQ,hydro,0,0.0,Inf,1.0,7.81325856394239,0.0,1.0,0.0,Inf,0.0,0,,1,0.0,0.0,0.0,NO,NO_1,1,24.03
521 hydro,Fellesanlegget Kykkelsrud Fossumfoss 2,hydro,6741,310.5,177831.093925293,6.0,0.0,0.9,1,0.0,0,PQ,hydro,0,0.0,Inf,1.0,100.957835376784,0.0,1.0,0.0,Inf,0.0,0,,1,0.0,0.0,0.0,NO,NO_1,1,310.5
522 hydro,Finsa 2,hydro,6357,24.84,177831.093925293,641.826086956522,0.0,0.9,1,0.0,0,PQ,hydro,0,0.0,Inf,1.0,18.4637988836736,0.0,1.0,0.0,Inf,0.0,0,,1,0.0,0.0,0.0,NO,NO_2,1,24.84
523 hydro,Fjaeremsfoss 5,hydro,6868,28.012,177831.093925293,6.0,0.0,0.9,1,0.0,0,PQ,hydro,0,0.0,Inf,1.0,19.6725549558688,0.0,1.0,0.0,Inf,0.0,0,,1,0.0,0.0,0.0,NO,NO_3,1,28.012
524 hydro,Fjone 9,hydro,6725,54.0,177831.093925293,2753.52,0.0,0.9,1,0.0,0,PQ,hydro,0,0.0,Inf,1.0,40.1386932253773,0.0,1.0,0.0,Inf,0.0,0,,1,0.0,0.0,0.0,NO,NO_2,1,54.0
525 hydro,Florli 4,hydro,6697,86.4,177831.093925293,2025.625,0.0,0.9,1,0.0,0,PQ,hydro,0,0.0,Inf,1.0,64.2219091606037,0.0,1.0,0.0,Inf,0.0,0,,1,0.0,0.0,0.0,NO,NO_2,1,86.4
526 hydro,Follafoss 2,hydro,6812,71.669,177831.093925293,300.706860706861,0.0,0.9,1,0.0,0,PQ,hydro,0,0.0,Inf,1.0,50.3324411370898,0.0,1.0,0.0,Inf,0.0,0,,1,0.0,0.0,0.0,NO,NO_3,1,71.669
527 hydro,Forsa 6,hydro,7006,14.41,177831.093925293,3824.375,0.0,0.9,1,0.0,0,PQ,hydro,0,0.0,Inf,1.0,9.36783557231754,0.0,1.0,0.0,Inf,0.0,0,,1,0.0,0.0,0.0,NO,NO_4,1,14.41
528 hydro,Fosse 9,hydro,6653,25.8221,177831.093925293,6.0,0.0,0.9,1,0.0,0,PQ,hydro,0,0.0,Inf,1.0,18.0321640542847,0.0,1.0,0.0,Inf,0.0,0,,1,0.0,0.0,0.0,NO,NO_5,1,25.8221
529 hydro,Fossmark 10,hydro,6653,11.3712,177831.093925293,208.4,0.0,0.9,1,0.0,0,PQ,hydro,0,0.0,Inf,1.0,7.94076949179508,0.0,1.0,0.0,Inf,0.0,0,,1,0.0,0.0,0.0,NO,NO_5,1,11.3712
530 hydro,Framruste 6,hydro,6666,77.25,177831.093925293,1708.69333333333,0.0,0.9,1,0.0,0,PQ,hydro,0,0.0,Inf,1.0,53.9454449170862,0.0,1.0,0.0,Inf,0.0,0,,1,0.0,0.0,0.0,NO,NO_5,1,77.25
531 hydro,Froystul 3,hydro,6722,49.248,177831.093925293,3290.0,0.0,0.9,1,0.0,0,PQ,hydro,0,0.0,Inf,1.0,36.6064882215441,0.0,1.0,0.0,Inf,0.0,0,,1,0.0,0.0,0.0,NO,NO_2,1,49.248
532 hydro,Funna 7,hydro,7061,30.694,177831.093925293,2733.98058252427,0.0,0.9,1,0.0,0,PQ,hydro,0,0.0,Inf,1.0,21.5560974516435,0.0,1.0,0.0,Inf,0.0,0,,1,0.0,0.0,0.0,NO,NO_3,1,30.694
533 hydro,Funnefoss 4,hydro,6626,54.0,177831.093925293,6.0,0.0,0.9,1,0.0,0,PQ,hydro,0,0.0,Inf,1.0,17.5578844133537,0.0,1.0,0.0,Inf,0.0,0,,1,0.0,0.0,0.0,NO,NO_1,1,54.0
534 hydro,Gamlebrofoss 9,hydro,6732,20.25,177831.093925293,6.0,0.0,0.9,1,0.0,0,PQ,hydro,0,0.0,Inf,1.0,6.58420665500763,0.0,1.0,0.0,Inf,0.0,0,,1,0.0,0.0,0.0,NO,NO_1,1,20.25
535 hydro,Geithusfoss 10,hydro,6732,18.225,177831.093925293,248.148148148148,0.0,0.9,1,0.0,0,PQ,hydro,0,0.0,Inf,1.0,5.92578598950687,0.0,1.0,0.0,Inf,0.0,0,,1,0.0,0.0,0.0,NO,NO_1,1,18.225
536 hydro,Gjuva 2,hydro,6671,10.3,177831.093925293,3145.0,0.0,0.9,1,0.0,0,PQ,hydro,0,0.0,Inf,1.0,7.19272598894482,0.0,1.0,0.0,Inf,0.0,0,,1,0.0,0.0,0.0,NO,NO_5,1,10.3
537 hydro,Ramfoss,hydro,6731,40.5,177831.093925293,173.333333333333,0.0,0.9,1,0.0,0,PQ,hydro,0,0.0,Inf,1.0,13.1684133100153,0.0,1.0,0.0,Inf,0.0,0,,1,0.0,0.0,0.0,NO,NO_1,1,40.5
538 hydro,Ranasfoss 5,hydro,6626,173.34,177831.093925293,296.323987538941,0.0,0.9,1,0.0,0,PQ,hydro,0,0.0,Inf,1.0,56.3608089668653,0.0,1.0,0.0,Inf,0.0,0,,1,0.0,0.0,0.0,NO,NO_1,1,173.34
539 hydro,Refsdal 6,hydro,6649,93.20779,177831.093925293,1192.64444444444,0.0,0.9,1,0.0,0,PQ,hydro,0,0.0,Inf,1.0,65.0891352917584,0.0,1.0,0.0,Inf,0.0,0,,1,0.0,0.0,0.0,NO,NO_5,1,93.20779
540 hydro,Rekvatn 3,hydro,7007,25.63,177831.093925293,1421.03004291845,0.0,0.9,1,0.0,0,PQ,hydro,0,0.0,Inf,1.0,16.6618754835877,0.0,1.0,0.0,Inf,0.0,0,,1,0.0,0.0,0.0,NO,NO_4,1,25.63
541 hydro,Aurland Reppa 7,hydro,7006,20.9,177831.093925293,4088.07,0.0,0.9,1,0.0,0,PQ,hydro,0,0.0,Inf,1.0,13.5869370896209,0.0,1.0,0.0,Inf,0.0,0,,1,0.0,0.0,0.0,NO,NO_4,1,20.9
542 hydro,Ringdal 4,hydro,6680,31.158,177831.093925293,6.0,0.0,0.9,1,0.0,0,PQ,hydro,0,0.0,Inf,1.0,23.1600259910427,0.0,1.0,0.0,Inf,0.0,0,,1,0.0,0.0,0.0,NO,NO_2,1,31.158
543 hydro,Rognsfossen 4,hydro,6655,6.18,177831.093925293,6.0,0.0,0.9,1,0.0,0,PQ,hydro,0,0.0,Inf,1.0,4.31563559336689,0.0,1.0,0.0,Inf,0.0,0,,1,0.0,0.0,0.0,NO,NO_5,1,6.18
544 hydro,Roskrepp 2,hydro,6707,54.0,177831.093925293,2877.3,0.0,0.9,1,0.0,0,PQ,hydro,0,0.0,Inf,1.0,40.1386932253773,0.0,1.0,0.0,Inf,0.0,0,,1,0.0,0.0,0.0,NO,NO_2,1,54.0
545 hydro,Rosten 3,hydro,6874,119.2,177831.093925293,6.0,0.0,0.9,1,0.0,0,PQ,hydro,0,0.0,Inf,1.0,83.7129998122076,0.0,1.0,0.0,Inf,0.0,0,,1,0.0,0.0,0.0,NO,NO_3,1,119.2
546 hydro,Royrvikfoss 2,hydro,6940,18.26,177831.093925293,2001.92771084337,0.0,0.9,1,0.0,0,PQ,hydro,0,0.0,Inf,1.0,11.8706924046161,0.0,1.0,0.0,Inf,0.0,0,,1,0.0,0.0,0.0,NO,NO_4,1,18.26
547 hydro,Rygene 5,hydro,6372,59.5188,177831.093925293,6.0,0.0,0.9,1,0.0,0,PQ,hydro,0,0.0,Inf,1.0,44.2408676730109,0.0,1.0,0.0,Inf,0.0,0,,1,0.0,0.0,0.0,NO,NO_2,1,59.5188
548 hydro,Sagefossen 6,hydro,6647,15.049,177831.093925293,328.930693069307,0.0,0.9,1,0.0,0,PQ,hydro,0,0.0,Inf,1.0,10.5687662262912,0.0,1.0,0.0,Inf,0.0,0,,1,0.0,0.0,0.0,NO,NO_3,1,15.049
549 hydro,Sagfossen 4,hydro,7007,20.5117,177831.093925293,38.5840707964602,0.0,0.9,1,0.0,0,PQ,hydro,0,0.0,Inf,1.0,13.3345061005348,0.0,1.0,0.0,Inf,0.0,0,,1,0.0,0.0,0.0,NO,NO_4,1,20.5117
550 hydro,Sarp 3,hydro,6741,108.0,177831.093925293,6.0,0.0,0.9,1,0.0,0,PQ,hydro,0,0.0,Inf,1.0,35.1157688267074,0.0,1.0,0.0,Inf,0.0,0,,1,0.0,0.0,0.0,NO,NO_1,1,108.0
551 hydro,Savalen 2,hydro,6875,83.7,177831.093925293,530.070967741936,0.0,0.9,1,0.0,0,PQ,hydro,0,0.0,Inf,1.0,27.2147208406982,0.0,1.0,0.0,Inf,0.0,0,,1,0.0,0.0,0.0,NO,NO_1,1,83.7
552 hydro,Sildvik 4,hydro,6997,71.5,177831.093925293,2292.2,0.0,0.9,1,0.0,0,PQ,hydro,0,0.0,Inf,1.0,46.4816268855451,0.0,1.0,0.0,Inf,0.0,0,,1,0.0,0.0,0.0,NO,NO_4,1,71.5
553 hydro,Sjona 5,hydro,6934,129.8,177831.093925293,884.769230769231,0.0,0.9,1,0.0,0,PQ,hydro,0,0.0,Inf,1.0,84.3820303460664,0.0,1.0,0.0,Inf,0.0,0,,1,0.0,0.0,0.0,NO,NO_4,1,129.8
554 hydro,Skagen 7,hydro,6666,278.1,177831.093925293,246.186666666667,0.0,0.9,1,0.0,0,PQ,hydro,0,0.0,Inf,1.0,194.20360170151,0.0,1.0,0.0,Inf,0.0,0,,1,0.0,0.0,0.0,NO,NO_5,1,278.1
555 hydro,Skar 2,hydro,6705,30.564,177831.093925293,6.0,0.0,0.9,1,0.0,0,PQ,hydro,0,0.0,Inf,1.0,22.7185003655636,0.0,1.0,0.0,Inf,0.0,0,,1,0.0,0.0,0.0,NO,NO_2,1,30.564
556 hydro,Ovre Tessa 4,hydro,6874,23.84,177831.093925293,3225.625,0.0,0.9,1,0.0,0,PQ,hydro,0,0.0,Inf,1.0,16.7425999624415,0.0,1.0,0.0,Inf,0.0,0,,1,0.0,0.0,0.0,NO,NO_3,1,23.84
557 hydro,Pikerfoss 11,hydro,6732,21.33,177831.093925293,6.0,0.0,0.9,1,0.0,0,PQ,hydro,0,0.0,Inf,1.0,6.93536434327471,0.0,1.0,0.0,Inf,0.0,0,,1,0.0,0.0,0.0,NO,NO_1,1,21.33
558 hydro,Ovre Svultingen,hydro,6744,6.6435,177831.093925293,1079.56589147287,0.0,0.9,1,0.0,0,PQ,hydro,0,0.0,Inf,1.0,4.63930826286941,0.0,1.0,0.0,Inf,0.0,0,,1,0.0,0.0,0.0,NO,NO_5,1,6.6435
559 hydro,Ovre Markevatn 7,hydro,6647,7.45,177831.093925293,1139.8,0.0,0.9,1,0.0,0,PQ,hydro,0,0.0,Inf,1.0,5.23206248826297,0.0,1.0,0.0,Inf,0.0,0,,1,0.0,0.0,0.0,NO,NO_3,1,7.45
560 hydro,Ogreyfoss 3,hydro,6356,16.416,177831.093925293,257.565789473684,0.0,0.9,1,0.0,0,PQ,hydro,0,0.0,Inf,1.0,12.2021627405147,0.0,1.0,0.0,Inf,0.0,0,,1,0.0,0.0,0.0,NO,NO_2,1,16.416
561 hydro,Nedre Markevatn 8,hydro,6647,4.172,177831.093925293,6.0,0.0,0.9,1,0.0,0,PQ,hydro,0,0.0,Inf,1.0,0.0,0.0,1.0,0.0,Inf,0.0,0,,1,0.0,0.0,0.0,NO,NO_3,1,0.0
562 hydro,Nedre Nea 3,hydro,6870,99.383,177831.093925293,13.8530734632684,0.0,0.9,1,0.0,0,PQ,hydro,0,0.0,Inf,1.0,69.7957135934281,0.0,1.0,0.0,Inf,0.0,0,,1,0.0,0.0,0.0,NO,NO_3,1,99.383
563 hydro,Nedre Porsa 7,hydro,7019,14.08,177831.093925293,1876.875,0.0,0.9,1,0.0,0,PQ,hydro,0,0.0,Inf,1.0,9.15330498669195,0.0,1.0,0.0,Inf,0.0,0,,1,0.0,0.0,0.0,NO,NO_4,1,14.08
564 hydro,Nedre Svultingen 2,hydro,6744,9.064,177831.093925293,155.681818181818,0.0,0.9,1,0.0,0,PQ,hydro,0,0.0,Inf,1.0,6.32959887027145,0.0,1.0,0.0,Inf,0.0,0,,1,0.0,0.0,0.0,NO,NO_5,1,9.064
565 hydro,Nedre Tessa 5,hydro,6874,34.27,177831.093925293,6.0,0.0,0.9,1,0.0,0,PQ,hydro,0,0.0,Inf,1.0,24.0674874460097,0.0,1.0,0.0,Inf,0.0,0,,1,0.0,0.0,0.0,NO,NO_3,1,34.27
566 hydro,Niingen 4,hydro,6996,18.7,177831.093925293,2314.0,0.0,0.9,1,0.0,0,PQ,hydro,0,0.0,Inf,1.0,12.1567331854503,0.0,1.0,0.0,Inf,0.0,0,,1,0.0,0.0,0.0,NO,NO_4,1,18.7
567 hydro,Nisserdam 6,hydro,6372,1.944,177831.093925293,1763.66666666667,0.0,0.9,1,0.0,0,PQ,hydro,0,0.0,Inf,1.0,0.0,0.0,1.0,0.0,Inf,0.0,0,,1,0.0,0.0,0.0,NO,NO_2,1,0.0
568 hydro,Nomeland 6,hydro,6365,30.996,177831.093925293,0.374564459930314,0.0,0.9,1,0.0,0,PQ,hydro,0,0.0,Inf,1.0,23.0396099113666,0.0,1.0,0.0,Inf,0.0,0,,1,0.0,0.0,0.0,NO,NO_2,1,30.996
569 hydro,Novle 2,hydro,6686,43.2,177831.093925293,2354.395,0.0,0.9,1,0.0,0,PQ,hydro,0,0.0,Inf,1.0,32.1109545803019,0.0,1.0,0.0,Inf,0.0,0,,1,0.0,0.0,0.0,NO,NO_2,1,43.2
570 hydro,Nye Verma 4,hydro,6860,34.568,177831.093925293,1500.48,0.0,0.9,1,0.0,0,PQ,hydro,0,0.0,Inf,1.0,24.2767699455402,0.0,1.0,0.0,Inf,0.0,0,,1,0.0,0.0,0.0,NO,NO_3,1,34.568
572 hydro,Oksebotn 3,hydro,6654,11.33,177831.093925293,1833.3,0.0,0.9,1,0.0,0,PQ,hydro,0,0.0,Inf,1.0,7.91199858783931,0.0,1.0,0.0,Inf,0.0,0,,1,0.0,0.0,0.0,NO,NO_5,1,11.33
573 hydro,Oksenelvane 9,hydro,6647,41.72,177831.093925293,396.857142857143,0.0,0.9,1,0.0,0,PQ,hydro,0,0.0,Inf,1.0,29.2995499342727,0.0,1.0,0.0,Inf,0.0,0,,1,0.0,0.0,0.0,NO,NO_3,1,41.72
574 hydro,Oldereid 7,hydro,7008,16.5,177831.093925293,2233.13333333333,0.0,0.9,1,0.0,0,PQ,hydro,0,0.0,Inf,1.0,10.7265292812796,0.0,1.0,0.0,Inf,0.0,0,,1,0.0,0.0,0.0,NO,NO_4,1,16.5
576 hydro,Oltesvik 4,hydro,6356,5.4,177831.093925293,45.82,0.0,0.9,1,0.0,0,PQ,hydro,0,0.0,Inf,1.0,4.01386932253773,0.0,1.0,0.0,Inf,0.0,0,,1,0.0,0.0,0.0,NO,NO_2,1,5.4
577 hydro,Ormsetfoss,hydro,6863,59.6,177831.093925293,1033.6875,0.0,0.9,1,0.0,0,PQ,hydro,0,0.0,Inf,1.0,41.8564999061038,0.0,1.0,0.0,Inf,0.0,0,,1,0.0,0.0,0.0,NO,NO_3,1,59.6
578 hydro,Orteren 2,hydro,6669,10.3,177831.093925293,2678.8,0.0,0.9,1,0.0,0,PQ,hydro,0,0.0,Inf,1.0,7.19272598894482,0.0,1.0,0.0,Inf,0.0,0,,1,0.0,0.0,0.0,NO,NO_5,1,10.3
579 hydro,Osa 5,hydro,6721,121.5,177831.093925293,1339.72222222222,0.0,0.9,1,0.0,0,PQ,hydro,0,0.0,Inf,1.0,39.5052399300458,0.0,1.0,0.0,Inf,0.0,0,,1,0.0,0.0,0.0,NO,NO_1,1,121.5
580 hydro,Osbu 8,hydro,6872,29.8,177831.093925293,4372.65,0.0,0.9,1,0.0,0,PQ,hydro,0,0.0,Inf,1.0,20.9282499530519,0.0,1.0,0.0,Inf,0.0,0,,1,0.0,0.0,0.0,NO,NO_3,1,29.8
581 hydro,Osen 6,hydro,6711,22.2372,177831.093925293,258.0,0.0,0.9,1,0.0,0,PQ,hydro,0,0.0,Inf,1.0,16.5291138702104,0.0,1.0,0.0,Inf,0.0,0,,1,0.0,0.0,0.0,NO,NO_2,1,22.2372
582 hydro,Oslandsbotn 3,hydro,6744,2.987,177831.093925293,911.448275862069,0.0,0.9,1,0.0,0,PQ,hydro,0,0.0,Inf,1.0,0.0,0.0,1.0,0.0,Inf,0.0,0,,1,0.0,0.0,0.0,NO,NO_5,1,0.0
583 hydro,Osvatn 5,hydro,6747,2.369,177831.093925293,1645.21739130435,0.0,0.9,1,0.0,0,PQ,hydro,0,0.0,Inf,1.0,0.0,0.0,1.0,0.0,Inf,0.0,0,,1,0.0,0.0,0.0,NO,NO_5,1,0.0
584 hydro,Nedre Fiskumfoss 5,hydro,6941,45.65,177831.093925293,6.0,0.0,0.9,1,0.0,0,PQ,hydro,0,0.0,Inf,1.0,29.6767310115403,0.0,1.0,0.0,Inf,0.0,0,,1,0.0,0.0,0.0,NO,NO_4,1,45.65
585 hydro,Nedalsfoss 8,hydro,7061,37.25,177831.093925293,1.848,0.0,0.9,1,0.0,0,PQ,hydro,0,0.0,Inf,1.0,26.1603124413149,0.0,1.0,0.0,Inf,0.0,0,,1,0.0,0.0,0.0,NO,NO_3,1,37.25
586 hydro,Myra 11,hydro,6653,3.811,177831.093925293,60.6486486486486,0.0,0.9,1,0.0,0,PQ,hydro,0,0.0,Inf,1.0,0.0,0.0,1.0,0.0,Inf,0.0,0,,1,0.0,0.0,0.0,NO,NO_5,1,0.0
587 hydro,Mykstufoss 5,hydro,6724,49.44,177831.093925293,6.0,0.0,0.9,1,0.0,0,PQ,hydro,0,0.0,Inf,1.0,34.5250847469351,0.0,1.0,0.0,Inf,0.0,0,,1,0.0,0.0,0.0,NO,NO_5,1,49.44
588 hydro,Meraker 9,hydro,7061,129.332,177831.093925293,34.0610599078341,0.0,0.9,1,0.0,0,PQ,hydro,0,0.0,Inf,1.0,90.8286047962452,0.0,1.0,0.0,Inf,0.0,0,,1,0.0,0.0,0.0,NO,NO_3,1,129.332
589 hydro,Mesna 4,hydro,6718,50.625,177831.093925293,1884.13866666667,0.0,0.9,1,0.0,0,PQ,hydro,0,0.0,Inf,1.0,16.4605166375191,0.0,1.0,0.0,Inf,0.0,0,,1,0.0,0.0,0.0,NO,NO_1,1,50.625
590 hydro,Middyr 3,hydro,6686,1.403892,177831.093925293,1153.84615384615,0.0,0.9,1,0.0,0,PQ,hydro,0,0.0,Inf,1.0,0.0,0.0,1.0,0.0,Inf,0.0,0,,1,0.0,0.0,0.0,NO,NO_2,1,0.0
591 hydro,Mo 10,hydro,6647,18.327,177831.093925293,6.0,0.0,0.9,1,0.0,0,PQ,hydro,0,0.0,Inf,1.0,12.8708737211269,0.0,1.0,0.0,Inf,0.0,0,,1,0.0,0.0,0.0,NO,NO_3,1,18.327
592 hydro,Moflat 4,hydro,6723,32.4,177831.093925293,6.0,0.0,0.9,1,0.0,0,PQ,hydro,0,0.0,Inf,1.0,24.0832159352264,0.0,1.0,0.0,Inf,0.0,0,,1,0.0,0.0,0.0,NO,NO_2,1,32.4
593 hydro,Moksa 5,hydro,6718,20.25,177831.093925293,6.0,0.0,0.9,1,0.0,0,PQ,hydro,0,0.0,Inf,1.0,6.58420665500763,0.0,1.0,0.0,Inf,0.0,0,,1,0.0,0.0,0.0,NO,NO_1,1,20.25
594 hydro,Mobaek Molle 12,hydro,6653,2.08575,177831.093925293,6.0,0.0,0.9,1,0.0,0,PQ,hydro,0,0.0,Inf,1.0,0.0,0.0,1.0,0.0,Inf,0.0,0,,1,0.0,0.0,0.0,NO,NO_5,1,0.0
595 hydro,Morre 2,hydro,6863,20.264,177831.093925293,171.411764705882,0.0,0.9,1,0.0,0,PQ,hydro,0,0.0,Inf,1.0,14.2312099680753,0.0,1.0,0.0,Inf,0.0,0,,1,0.0,0.0,0.0,NO,NO_3,1,20.264
596 hydro,Mossefossen,hydro,6739,4.185,177831.093925293,1318.70967741936,0.0,0.9,1,0.0,0,PQ,hydro,0,0.0,Inf,1.0,0.0,0.0,1.0,0.0,Inf,0.0,0,,1,0.0,0.0,0.0,NO,NO_1,1,0.0
597 hydro,Mosvik 4,hydro,6870,55.13,177831.093925293,1611.48648648649,0.0,0.9,1,0.0,0,PQ,hydro,0,0.0,Inf,1.0,38.717262413146,0.0,1.0,0.0,Inf,0.0,0,,1,0.0,0.0,0.0,NO,NO_3,1,55.13
598 hydro,Fortun 8,hydro,6666,278.1,177831.093925293,6.0,0.0,0.9,1,0.0,0,PQ,hydro,0,0.0,Inf,1.0,194.20360170151,0.0,1.0,0.0,Inf,0.0,0,,1,0.0,0.0,0.0,NO,NO_5,1,278.1
